Province/State;Country/Region;Lat;Long;1/22/20;1/23/20;1/24/20;1/25/20;1/26/20;1/27/20;1/28/20;1/29/20;1/30/20;1/31/20;2/01/2020;2/02/2020;2/03/2020;2/04/2020;2/05/2020;2/06/2020;2/07/2020;2/08/2020;2/09/2020;2/10/2020;2/11/2020;2/12/2020;2/13/20;2/14/20;2/15/20;2/16/20;2/17/20;2/18/20;2/19/20;2/20/20;2/21/20;2/22/20;2/23/20;2/24/20;2/25/20;2/26/20;2/27/20;2/28/20;2/29/20;3/01/2020;3/02/2020;3/03/2020;3/04/2020;3/05/2020;3/06/2020;3/07/2020;3/08/2020;3/09/2020;3/10/2020;3/11/2020;3/12/2020;3/13/20;3/14/20;3/15/20;3/16/20;3/17/20;3/18/20;3/19/20;3/20/20;3/21/20;3/22/20;3/23/20;3/24/20;3/25/20;3/26/20;3/27/20;3/28/20;3/29/20;3/30/20;3/31/20;4/01/2020;4/02/2020;4/03/2020;4/04/2020;4/05/2020;4/06/2020;4/07/2020;4/08/2020;4/09/2020;4/10/2020;4/11/2020;4/12/2020;4/13/20;4/14/20;4/15/20;4/16/20;4/17/20;4/18/20;4/19/20;4/20/20;4/21/20;4/22/20;4/23/20;4/24/20;4/25/20;4/26/20;4/27/20;4/28/20;4/29/20;4/30/20;5/01/2020;5/02/2020;5/03/2020;5/04/2020;5/05/2020;5/06/2020;5/07/2020;5/08/2020;5/09/2020;5/10/2020;5/11/2020;5/12/2020;5/13/20;5/14/20;5/15/20;5/16/20;5/17/20;5/18/20;5/19/20;5/20/20;5/21/20;5/22/20;5/23/20;5/24/20;5/25/20;5/26/20;5/27/20;5/28/20;5/29/20;5/30/20;5/31/20;6/01/2020;6/02/2020;6/03/2020;6/04/2020;6/05/2020;6/06/2020;6/07/2020;6/08/2020;6/09/2020;6/10/2020;6/11/2020;6/12/2020;6/13/20;6/14/20;6/15/20;6/16/20;6/17/20;6/18/20;6/19/20;6/20/20;6/21/20;6/22/20;6/23/20;6/24/20;6/25/20;6/26/20;6/27/20;6/28/20;6/29/20;6/30/20;7/01/2020;7/02/2020;7/03/2020;7/04/2020;7/05/2020;7/06/2020;7/07/2020;7/08/2020;7/09/2020;7/10/2020;7/11/2020;7/12/2020;7/13/20;7/14/20;7/15/20;7/16/20;7/17/20;7/18/20;7/19/20;7/20/20;7/21/20;7/22/20;7/23/20;7/24/20;7/25/20;7/26/20;7/27/20;7/28/20;7/29/20;7/30/20;7/31/20;8/01/2020;8/02/2020;8/03/2020;8/04/2020;8/05/2020;8/06/2020;8/07/2020;8/08/2020;8/09/2020;8/10/2020;8/11/2020;8/12/2020;8/13/20;8/14/20;8/15/20;8/16/20;8/17/20;8/18/20;8/19/20;8/20/20;8/21/20;8/22/20;8/23/20;8/24/20;8/25/20;8/26/20;8/27/20;8/28/20;8/29/20;8/30/20;8/31/20;9/01/2020;9/02/2020;9/03/2020;9/04/2020;9/05/2020;9/06/2020;9/07/2020;9/08/2020;9/09/2020;9/10/2020;9/11/2020;9/12/2020;9/13/20;9/14/20;9/15/20;9/16/20;9/17/20;9/18/20;9/19/20;9/20/20;9/21/20;9/22/20;9/23/20;9/24/20;9/25/20;9/26/20;9/27/20;9/28/20;9/29/20;9/30/20;10/01/2020;10/02/2020;10/03/2020;10/04/2020;10/05/2020;10/06/2020;10/07/2020;10/08/2020;10/09/2020;10/10/2020;10/11/2020;10/12/2020;10/13/20;10/14/20;10/15/20;10/16/20;10/17/20;10/18/20;10/19/20;10/20/20;10/21/20;10/22/20;10/23/20;10/24/20;10/25/20;10/26/20;10/27/20;10/28/20;10/29/20;10/30/20;10/31/20;11/01/2020;11/02/2020;11/03/2020;11/04/2020;11/05/2020;11/06/2020;11/07/2020;11/08/2020;11/09/2020;11/10/2020;11/11/2020;11/12/2020;11/13/20;11/14/20;11/15/20;11/16/20;11/17/20;11/18/20;11/19/20;11/20/20;11/21/20;11/22/20;11/23/20;11/24/20;11/25/20;11/26/20;11/27/20;11/28/20;11/29/20;11/30/20;12/01/2020;12/02/2020;12/03/2020;12/04/2020;12/05/2020;12/06/2020;12/07/2020;12/08/2020;12/09/2020;12/10/2020;12/11/2020;12/12/2020;12/13/20;12/14/20;12/15/20;12/16/20;12/17/20;12/18/20;12/19/20;12/20/20;12/21/20;12/22/20;12/23/20;12/24/20;12/25/20;12/26/20;12/27/20;12/28/20;12/29/20;12/30/20;12/31/20;1/01/2021;1/02/2021;1/03/2021;1/04/2021;1/05/2021;1/06/2021;1/07/2021;1/08/2021;1/09/2021;1/10/2021;1/11/2021;1/12/2021;1/13/21;1/14/21;1/15/21;1/16/21;1/17/21;1/18/21;1/19/21;1/20/21;1/21/21;1/22/21;1/23/21;1/24/21;1/25/21;1/26/21;1/27/21;1/28/21;1/29/21;1/30/21;1/31/21;2/01/2021;2/02/2021;2/03/2021;2/04/2021;2/05/2021;2/06/2021;2/07/2021;2/08/2021;2/09/2021;2/10/2021;2/11/2021;2/12/2021;2/13/21;2/14/21;2/15/21;2/16/21;2/17/21;2/18/21;2/19/21;2/20/21;2/21/21;2/22/21;2/23/21;2/24/21;2/25/21;2/26/21;2/27/21;2/28/21;3/01/2021;3/02/2021;3/03/2021;3/04/2021;3/05/2021;3/06/2021;3/07/2021;3/08/2021;3/09/2021;3/10/2021;3/11/2021;3/12/2021;3/13/21;3/14/21;3/15/21;3/16/21;3/17/21;3/18/21;3/19/21;3/20/21;3/21/21;3/22/21;3/23/21;3/24/21;3/25/21;3/26/21;3/27/21;3/28/21;3/29/21;3/30/21;3/31/21;4/01/2021;4/02/2021;4/03/2021;4/04/2021;4/05/2021;4/06/2021;4/07/2021;4/08/2021;4/09/2021;4/10/2021;4/11/2021;4/12/2021;4/13/21;4/14/21;4/15/21;4/16/21;4/17/21;4/18/21;4/19/21;4/20/21;4/21/21;4/22/21;4/23/21;4/24/21;4/25/21;4/26/21;4/27/21;4/28/21;4/29/21;4/30/21;5/01/2021;5/02/2021;5/03/2021;5/04/2021;5/05/2021;5/06/2021;5/07/2021;5/08/2021;5/09/2021;5/10/2021;5/11/2021;5/12/2021;5/13/21;5/14/21;5/15/21;5/16/21;5/17/21;5/18/21;5/19/21;5/20/21;5/21/21;5/22/21;5/23/21;5/24/21;5/25/21;5/26/21;5/27/21;5/28/21;5/29/21;5/30/21;5/31/21;6/01/2021;6/02/2021;6/03/2021;6/04/2021;6/05/2021;6/06/2021;6/07/2021;6/08/2021;6/09/2021;6/10/2021;6/11/2021;6/12/2021;6/13/21;6/14/21;6/15/21;6/16/21;6/17/21;6/18/21;6/19/21;6/20/21;6/21/21;6/22/21;6/23/21;6/24/21;6/25/21;6/26/21;6/27/21;6/28/21;6/29/21;6/30/21;7/01/2021;7/02/2021;7/03/2021;7/04/2021;7/05/2021;7/06/2021;7/07/2021;7/08/2021;7/09/2021;7/10/2021;7/11/2021;7/12/2021;7/13/21;7/14/21;7/15/21;7/16/21;7/17/21;7/18/21;7/19/21;7/20/21;7/21/21;7/22/21;7/23/21;7/24/21;7/25/21;7/26/21;7/27/21;7/28/21;7/29/21;7/30/21;7/31/21;8/01/2021;8/02/2021;8/03/2021;8/04/2021;8/05/2021;8/06/2021;8/07/2021;8/08/2021;8/09/2021;8/10/2021;8/11/2021;8/12/2021;8/13/21;8/14/21;8/15/21;8/16/21;8/17/21;8/18/21;8/19/21;8/20/21;8/21/21;8/22/21;8/23/21;8/24/21;8/25/21;8/26/21;8/27/21;8/28/21;8/29/21;8/30/21;8/31/21;9/01/2021;9/02/2021;9/03/2021;9/04/2021;9/05/2021;9/06/2021;9/07/2021;9/08/2021;9/09/2021;9/10/2021;9/11/2021;9/12/2021;9/13/21;9/14/21;9/15/21;9/16/21;9/17/21;9/18/21;9/19/21;9/20/21;9/21/21;9/22/21;9/23/21;9/24/21;9/25/21;9/26/21;9/27/21;9/28/21;9/29/21;9/30/21;10/01/2021;10/02/2021;10/03/2021;10/04/2021;10/05/2021;10/06/2021;10/07/2021;10/08/2021;10/09/2021;10/10/2021;10/11/2021;10/12/2021;10/13/21;10/14/21;10/15/21;10/16/21;10/17/21;10/18/21;10/19/21;10/20/21;10/21/21;10/22/21;10/23/21;10/24/21;10/25/21;10/26/21;10/27/21;10/28/21;10/29/21;10/30/21;10/31/21;11/01/2021;11/02/2021;11/03/2021;11/04/2021;11/05/2021;11/06/2021;11/07/2021;11/08/2021;11/09/2021;11/10/2021;11/11/2021;11/12/2021;11/13/21;11/14/21;11/15/21;11/16/21;11/17/21;11/18/21;11/19/21;11/20/21;11/21/21;11/22/21;11/23/21;11/24/21;11/25/21;11/26/21;11/27/21;11/28/21;11/29/21;11/30/21;12/01/2021;12/02/2021;12/03/2021;12/04/2021;12/05/2021;12/06/2021;12/07/2021;12/08/2021;12/09/2021;12/10/2021;12/11/2021;12/12/2021;12/13/21;12/14/21;12/15/21;12/16/21;12/17/21;12/18/21;12/19/21;12/20/21;12/21/21;12/22/21;12/23/21;12/24/21;12/25/21;12/26/21;12/27/21;12/28/21;12/29/21;12/30/21;12/31/21;1/01/2022;1/02/2022;1/03/2022;1/04/2022;1/05/2022;1/06/2022;1/07/2022;1/08/2022;1/09/2022;1/10/2022;1/11/2022;1/12/2022;1/13/22;1/14/22;1/15/22;1/16/22;1/17/22;1/18/22;1/19/22;1/20/22;1/21/22;1/22/22;1/23/22;1/24/22;1/25/22;1/26/22;1/27/22;1/28/22;1/29/22;1/30/22;1/31/22;2/01/2022;2/02/2022;2/03/2022;2/04/2022;2/05/2022;2/06/2022;2/07/2022
;CAIRANI;-17.28591597;-70.36296805;0;0;0;0;0;0;0;0;0;0;0;0;0;0;0;0;0;0;0;0;0;0;0;0;0;0;0;0;0;0;0;0;0;0;0;0;0;0;0;0;0;0;0;0;0;0;0;0;0;0;0;0;0;0;0;0;0;0;0;0;0;1;1;1;2;2;2;4;4;4;4;4;5;5;7;7;11;14;15;15;15;18;19;22;25;29;30;30;30;33;36;36;40;40;43;49;50;60;60;60;64;72;72;72;72;95;104;105;105;119;120;127;127;136;153;168;169;173;177;187;193;205;215;222;223;224;230;239;250;252;254;269;274;298;303;313;331;361;373;380;409;430;450;455;475;480;488;508;550;552;552;585;602;622;643;679;684;707;733;737;739;778;811;823;830;868;891;924;940;941;975;979;1014;1016;1049;1098;1117;1151;1151;1185;1187;1188;1194;1215;1229;1250;1263;1273;1274;1275;1275;1275;1287;1287;1287;1292;1298;1302;1302;1311;1316;1316;1348;1358;1367;1367;1374;1379;1379;1379;1379;1387;1389;1389;1389;1391;1401;1405;1405;1406;1406;1406;1406;1410;1413;1413;1413;1413;1416;1419;1422;1424;1424;1424;1424;1424;1429;1430;1440;1440;1441;1441;1445;1448;1449;1450;1455;1455;1457;1457;1460;1462;1462;1462;1462;1466;1466;1470;1471;1473;1474;1476;1477;1481;1483;1484;1485;1485;1489;1492;1496;1501;1503;1503;1503;1505;1507;1511;1514;1518;1523;1529;1532;1533;1536;1536;1541;1544;1548;1554;1554;1556;1562;1574;1577;1581;1591;1595;1605;1617;1626;1638;1645;1650;1661;1675;1687;1695;1712;1725;1737;1740;1752;1763;1774;1795;1822;1841;1847;1865;1875;1902;1908;1921;1939;1949;1960;1971;1975;2001;2017;2032;2037;2054;2074;2089;2105;2126;2135;2148;2158;2170;2182;2189;2189;2201;2211;2221;2230;2237;2244;2253;2257;2264;2277;2288;2301;2308;2314;2324;2336;2339;2343;2346;2354;2363;2370;2373;2378;2385;2389;2389;2397;2399;2400;2400;2404;2405;2406;2407;2407;2408;2410;2413;2414;2418;2419;2424;2427;2427;2427;2428;2428;2430;2430;2430;2432;2433;2435;2436;2438;2442;2443;2443;2444;2446;2446;2446;2449;2449;2449;2451;2451;2451;2451;2454;2454;2457;2459;2460;2460;2462;2462;2462;2463;2464;2466;2466;2467;2467;2469;2470;2472;2476;2484;2489;2495;2496;2497;2508;2512;2512;2516;2521;2521;2521;2529;2529;2532;2533;2535;2539;2539;2546;2549;2557;2561;2565;2572;2582;2592;2598;2611;2618;2625;2631;2637;2642;2648;2654;2664;2673;2683;2686;2698;2710;2713;2721;2730;2733;2742;2745;2751;2762;2772;2782;2792;2802;2812;2836;2855;2869;2881;2899;2919;2944;2973;3007;3034;3068;3104;3145;3187;3251;3305;3356;3412;3449;3527;3612;3683;3683;3842;3934;4030;4122;4215;4293;4366;4452;4519;4594;4650;4730;4794;4871;4962;5048;5107;5199;5283;5360;5415;5477;5561;5638;5724;5791;5849;5923;5983;6072;6098;6147;6213;6266;6293;6325;6357;6393;6425;6477;6515;6577;6615;6677;6708;6737;6774;6804;6836;6864;6879;6897;6908;6936;6961;6978;6988;7000;7010;7021;7025;7031;7043;7047;7054;7065;7070;7076;7083;7090;7093;7101;7103;7109;7116;7118;7123;7127;7127;7128;7132;7141;7144;7151;7157;7164;7167;7167;7169;7171;7174;7183;7186;7186;7186;7199;7199;7199;7199;7199;7199;7199;7200;7201;7204;7204;7206;7206;7206;7212;7214;7220;7221;7221;7221;7225;7228;7230;7234;7238;7238;7238;7243;7246;7247;7247;7249;7252;7253;7255;7260;7262;7266;7268;7269;7272;7280;7281;7281;7284;7284;7284;7284;7284;7288;7290;7291;7292;7292;7292;7293;7294;7295;7297;7297;7299;7301;7303;7303;7305;7306;7307;7307;7308;7308;7308;7308;7309;7310;7311;7312;7312;7316;7317;7319;7321;7324;7325;7328;7328;7329;7331;7332;7332;7333;7335;7335;7335;7341;7346;7348;7349;7354;7354;7355;7356;7356;7356;7356;7361;7364;7365;7367;7367;7368;7369;7373;7373;7374;7376;7376;7376;7378;7379;7381;7383;7386;7386;7390;7390;7393;7393;7397;7401;7403;7403;7405;7408;7414;7417;7418;7420;7420;7425;7432;7442
;CAMILACA;-17.26859287;-70.38065365;0;0;0;0;0;0;0;0;0;0;0;0;0;0;0;0;0;0;0;0;0;0;0;0;0;0;0;0;0;0;0;0;0;0;0;0;0;0;0;0;0;0;0;0;0;0;0;0;0;1;1;1;1;1;1;1;2;2;2;2;2;4;5;5;6;8;10;10;11;15;15;16;17;20;20;21;22;22;23;23;23;23;23;24;25;26;26;26;26;26;26;27;27;27;27;28;28;30;30;31;31;31;31;31;31;31;31;31;31;31;31;31;31;31;31;31;31;31;31;31;31;31;31;32;32;33;33;33;33;33;33;33;33;33;33;33;34;34;34;34;34;35;36;36;36;36;37;38;39;42;43;44;44;45;47;49;51;53;55;58;62;65;69;72;74;76;79;81;83;83;85;89;93;95;97;101;104;107;111;112;113;117;120;123;128;134;138;144;148;150;154;157;161;166;172;176;182;188;189;193;199;200;205;208;213;219;225;228;230;232;234;238;240;245;250;254;259;263;266;271;275;280;284;290;296;301;306;312;316;319;321;322;324;327;330;334;338;340;343;347;353;358;362;364;367;370;370;373;375;377;380;384;387;388;389;392;396;400;403;407;411;413;416;420;424;429;434;439;443;448;451;454;458;462;465;469;473;477;480;487;493;499;502;509;518;527;532;536;543;549;557;559;571;579;590;598;605;612;623;631;637;646;657;672;685;699;716;735;743;753;771;787;798;810;822;839;852;870;889;905;922;936;951;965;977;989;1003;1016;1028;1040;1055;1066;1074;1088;1098;1111;1117;1125;1134;1143;1153;1164;1170;1174;1181;1181;1190;1193;1199;1210;1217;1223;1230;1233;1241;1247;1252;1256;1261;1265;1270;1277;1281;1287;1291;1296;1303;1310;1315;1324;1332;1339;1350;1358;1369;1380;1393;1398;1404;1418;1433;1446;1460;1472;1488;1503;1517;1531;1543;1555;1567;1582;1600;1617;1636;1653;1666;1681;1696;1715;1736;1756;1775;1796;1816;1835;1856;1876;1897;1918;1939;1956;1969;1986;2002;2018;2030;2045;2060;2077;2092;2106;2122;2133;2137;2145;2156;2171;2184;2192;2204;2210;2216;2227;2235;2241;2247;2256;2265;2274;2283;2291;2297;2304;2310;2317;2321;2326;2331;2335;2337;2340;2342;2347;2353;2358;2364;2367;2372;2378;2379;2383;2386;2389;2394;2396;2397;2399;2402;2403;2406;2408;2411;2412;2416;2420;2423;2426;2427;2429;2432;2435;2436;2438;2440;2441;2442;2444;2445;2447;2447;2447;2448;2449;2450;2451;2451;2451;2451;2451;2451;2451;2452;2452;2452;2452;2453;2453;2453;2453;2454;2454;2454;2454;2454;2454;2454;2455;2455;2455;2455;2456;2456;2456;2456;2456;2456;2456;2456;2456;2456;2456;2456;2456;2456;2456;2456;2456;2456;2456;2456;2456;2456;2456;2456;2456;2456;2456;2456;2456;2456;2456;2456;2457;2457;2457;2457;2457;2457;2457;2457;2457;2458;2459;2459;2460;2460;2460;2460;2461;2463;2464;2466;2468;2471;2473;2475;2477;2478;2478;2480;2483;2486;2487;2490;2492;2495;2498;2501;2505;2508;2512;2515;2519;2523;2528;2531;2535;2539;2543;2548;2553;2557;2563;2569;2574;2580;2587;2594;2601;2609;2619;2629;2640;2653;2668;2685;2698;2705;2710;2713;2713;2725;2734;2746;2753;2759;2768;2777;2783;2788;2797;2807;2810;2820;2829;2841;2849;2855;2863;2870;2874;2880;2888;2893;2902;2909;2916;2924;2931;2937;2940;2944;2948;2948;2955;2966;2970;2975;2978;2983;2986;2990;2997;3004;3014;3022;3029;3035;3035;3049;3053;3063;3068;3077;3085;3089;3092;3096;3101;3104;3108;3109;3110;3115;3122;3126;3128;3130;3132;3134;3140;3144;3152;3156;3158;3161;3166;3172;3178;3180;3181;3187;3189;3194;3194;3207;3212;3212;3217;3217;3220;3220;3224;3224;3228;3233;3233;3240;3241;3247;3253;3255;3262;3265;3269;3271;3277;3283;3286;3292;3297;3305;3305;3312;3317;3323;3329;3329;3334;3346;3346;3362;3362;3371;3371;3380;3387
;CANDARAVE;-17.26935137;-70.25307563;0;0;0;0;0;0;0;0;0;0;0;0;0;0;0;0;0;0;0;0;0;0;0;0;0;0;0;0;0;0;0;0;0;0;0;0;0;0;0;0;0;0;0;0;0;0;0;0;0;0;1;2;3;4;4;4;7;9;11;15;17;17;19;21;25;26;29;31;35;44;58;86;105;130;152;173;193;205;235;256;275;293;313;326;336;348;364;367;375;384;392;402;407;415;419;425;432;437;444;450;453;459;463;465;470;476;483;488;494;502;507;515;522;529;536;542;548;555;561;568;575;582;592;600;609;617;623;630;638;646;653;661;667;673;681;690;698;707;715;724;732;741;751;760;767;777;788;799;811;825;837;845;852;861;869;878;885;892;897;905;912;920;928;937;946;952;959;968;978;988;996;1004;1011;1018;1028;1040;1052;1057;1068;1078;1087;1100;1111;1124;1136;1146;1155;1163;1174;1186;1200;1210;1223;1231;1239;1248;1261;1273;1282;1293;1302;1312;1322;1333;1341;1351;1360;1370;1379;1391;1402;1411;1418;1424;1435;1446;1456;1465;1475;1483;1491;1501;1510;1518;1523;1529;1539;1549;1556;1562;1571;1581;1591;1599;1605;1612;1620;1632;1645;1654;1659;1665;1672;1679;1689;1698;1703;1707;1711;1714;1719;1726;1736;1741;1749;1756;1760;1768;1768;1771;1783;1789;1795;1801;1809;1818;1827;1827;1841;1846;1856;1865;1873;1880;1888;1897;1907;1914;1922;1931;1941;1949;1956;1964;1973;1980;1980;1999;2011;2024;2036;2048;2062;2077;2093;2111;2124;2139;2154;2168;2186;2206;2224;2236;2255;2272;2294;2309;2329;2352;2372;2393;2410;2431;2447;2464;2480;2492;2501;2516;2527;2539;2554;2564;2575;2584;2596;2609;2623;2631;2640;2647;2659;2666;2675;2687;2696;2705;2716;2722;2728;2737;2745;2751;2756;2762;2769;2772;2777;2782;2786;2792;2798;2803;2807;2812;2816;2819;2822;2827;2831;2836;2840;2843;2849;2853;2856;2861;2863;2866;2871;2877;2881;2884;2888;2891;2894;2898;2900;2904;2909;2909;2914;2918;2924;2926;2930;2932;2935;2939;2943;2945;2947;2950;2954;2958;2961;2964;2967;2970;2973;2977;2979;2983;2987;2991;2996;3002;3007;3010;3013;3018;3022;3026;3028;3031;3034;3036;3040;3045;3048;3051;3053;3055;3057;3061;3066;3069;3071;3074;3077;3080;3084;3089;3093;3096;3099;3102;3105;3108;3112;3116;3119;3123;3126;3130;3134;3137;3141;3144;3148;3152;3155;3160;3165;3172;3181;3190;3198;3207;3217;3225;3234;3244;3253;3261;3270;3280;3289;3299;3307;3315;3321;3328;3335;3343;3350;3355;3360;3366;3374;3381;3388;3395;3401;3405;3411;3418;3426;3433;3440;3448;3455;3460;3465;3472;3480;3490;3497;3504;3510;3518;3527;3537;3544;3552;3560;3565;3571;3579;3588;3598;3605;3615;3624;3631;3641;3650;3660;3669;3678;3685;3693;3699;3708;3716;3726;3735;3745;3755;3765;3775;3786;3798;3811;3824;3836;3851;3867;3882;3895;3910;3922;3938;3956;3979;3994;4008;4026;4042;4063;4087;4112;4161;4189;4219;4254;4291;4329;4370;4404;4441;4487;4520;4550;4578;4618;4654;4695;4730;4766;4794;4830;4867;4898;4929;4957;4984;5004;5034;5063;5096;5121;5148;5179;5209;5240;5269;5302;5339;5373;5399;5420;5445;5471;5489;5519;5539;5558;5578;5596;5614;5630;5651;5670;5681;5694;5709;5725;5739;5748;5758;5767;5777;5786;5797;5805;5812;5815;5819;5822;5826;5831;5838;5843;5846;5850;5853;5855;5859;5862;5864;5867;5870;5872;5873;5875;5878;5881;5883;5886;5890;5894;5899;5904;5907;5913;5918;5920;5924;5927;5931;5936;5939;5941;5945;5950;5954;5960;5966;5971;5977;5984;5991;5997;6005;6009;6015;6017;6021;6026;6030;6035;6041;6046;6052;6058;6064;6071;6076;6083;6089;6096;6103;6111;6114;6122;6126;6132;6137;6145;6151;6155;6165;6171;6175;6180;6184;6190;6198;6205;6213;6222;6229;6238;6246;6254;6263;6271;6276;6284;6291;6298;6303;6310;6318;6325;6330;6339;6349;6363;6372;6383;6393;6404;6412;6423;6435;6443;6453;6468;6481;6495;6508;6516;6526;6539;6545;6555;6566;6579;6593;6604;6618;6631;6640;6646;6654
;CURIBAYA;-17.38260122;-70.33368965;0;0;0;0;0;0;0;0;0;0;0;0;0;0;0;0;0;0;0;0;0;0;0;0;0;0;0;0;0;0;0;0;0;0;0;0;0;0;0;0;0;0;0;0;0;0;0;0;0;0;0;0;0;0;0;0;0;0;0;0;1;1;1;1;3;3;3;6;8;12;14;15;16;17;18;21;22;23;25;26;26;29;29;31;33;33;35;35;36;37;37;37;37;40;40;40;40;41;42;42;43;44;45;45;46;46;47;47;48;48;48;48;49;49;49;51;51;51;51;51;51;51;51;51;51;51;51;51;51;51;51;51;51;51;51;51;51;51;51;51;51;51;51;51;51;51;52;52;52;52;52;52;52;52;52;52;52;52;52;52;52;52;52;52;52;52;52;52;52;52;52;52;52;52;52;52;52;52;52;52;52;52;52;52;52;52;52;52;52;52;52;52;52;52;52;52;52;52;52;52;52;52;52;53;53;53;53;53;53;53;53;53;53;53;53;53;53;53;53;53;53;53;53;53;53;53;53;53;53;53;53;53;53;53;53;53;53;53;53;53;53;53;53;53;53;53;53;53;53;53;53;53;53;53;53;53;53;53;53;53;54;55;55;55;57;57;59;59;59;59;59;62;62;63;63;69;69;69;72;72;72;73;75;75;75;75;75;75;75;75;75;75;75;75;75;75;75;75;76;76;76;76;76;76;76;76;76;76;76;76;76;76;76;76;76;76;77;77;78;78;78;78;78;78;78;78;79;79;79;79;79;80;80;81;81;82;82;83;83;83;83;83;84;84;84;84;84;84;84;84;84;84;84;85;85;85;86;87;88;88;91;91;91;92;92;93;93;96;96;97;97;98;100;100;101;101;101;102;103;103;104;105;106;106;106;106;106;106;107;107;107;107;107;107;107;107;107;109;110;110;110;110;110;110;110;110;112;112;112;112;112;112;112;112;112;112;112;113;113;113;113;113;113;113;113;113;113;114;114;114;115;115;115;115;115;115;116;117;117;117;117;119;120;120;120;120;121;121;121;121;123;123;123;123;123;123;123;123;124;124;124;124;125;125;125;125;127;127;127;127;127;127;127;127;127;127;127;127;127;127;127;127;127;127;127;127;127;127;127;127;127;127;127;127;127;127;127;127;127;127;127;127;127;127;127;127;127;127;127;127;127;127;127;127;127;127;127;127;127;127;127;127;127;127;127;127;127;127;127;127;127;127;127;127;127;127;127;127;127;127;127;127;127;127;127;127;127;127;127;127;127;127;127;127;127;128;128;128;128;128;128;128;128;128;128;128;129;129;129;129;129;129;129;129;129;129;129;129;129;130;130;130;130;130;130;130;130;130;130;130;130;130;130;130;130;130;130;130;130;130;130;130;130;130;130;130;130;130;130;130;130;130;130;130;130;130;130;130;130;130;130;130;130;130;130;130;130;130;130;130;130;130;130;130;130;130;130;130;130;130;130;130;130;130;130;130;130;130;130;130;130;130;130;130;130;130;130;130;130;130;130;130;130;130;130;130;130;130;130;130;130;130;131;131;131;131;131;131;131;131;132;132;132;132;133;133;133;133;133;133;133;133;134;134;134;134;134;134;137;137;138;139;139;139;139;139;140;140;140;140;140;140;140;141;141;141;141;141;141;141;141;141;141;142;142;142;142;142;142;144;144;144;144;144;145;145;145;145;145;145;145;145;146;147;147;147;147;147
;HUANUARA;-17.31647744;-70.32348395;0;0;0;0;0;0;0;0;0;0;0;0;0;0;0;0;0;0;0;0;0;0;0;0;0;0;0;0;0;0;0;0;0;0;0;0;0;0;0;0;0;0;0;0;0;0;0;0;0;0;0;0;0;0;0;0;0;0;0;0;0;0;0;0;0;0;0;2;2;2;2;2;2;2;2;2;2;2;2;2;2;2;2;2;2;2;2;2;2;2;2;2;2;2;2;2;2;2;2;2;2;2;2;2;2;2;2;2;2;2;2;2;2;2;2;2;2;3;3;3;3;3;4;4;4;4;4;4;4;4;4;4;4;4;4;4;4;4;4;4;4;5;5;6;6;6;6;7;8;8;9;9;10;10;10;10;10;10;11;11;13;15;17;18;19;19;19;21;21;22;23;23;26;26;26;27;28;29;29;29;29;30;33;33;35;39;40;41;47;48;51;52;54;55;58;59;62;64;67;70;75;78;80;80;80;86;86;88;88;90;92;93;94;94;96;100;102;103;105;106;107;107;108;109;112;113;115;117;117;120;124;126;130;131;132;134;136;139;143;144;147;147;152;154;155;159;162;167;171;174;176;179;183;185;189;193;195;199;211;211;208;212;218;218;219;222;227;228;234;241;247;248;251;255;260;265;267;268;270;271;275;275;279;284;286;289;291;296;299;300;303;307;308;308;312;315;317;322;322;324;328;332;333;334;336;337;337;338;340;341;342;345;346;348;350;351;352;353;354;354;354;355;358;362;365;366;371;372;372;379;382;384;386;387;390;393;393;393;396;399;399;403;403;405;405;405;407;408;408;410;413;413;415;416;416;420;422;424;425;428;431;436;439;442;444;448;452;457;459;461;462;462;464;464;464;466;466;468;470;473;474;475;475;475;478;487;487;490;491;492;493;494;496;498;498;498;499;499;500;501;502;504;506;508;508;510;510;511;511;512;514;515;516;516;517;519;520;521;521;522;522;522;524;526;527;530;530;532;532;532;533;533;534;536;537;538;538;540;542;543;547;547;549;549;550;553;554;554;557;557;560;561;561;563;565;570;572;574;577;579;583;587;591;594;596;600;602;603;609;618;622;628;630;633;636;639;645;649;651;655;659;677;685;696;704;709;715;725;731;735;742;745;749;757;764;766;772;780;784;788;794;797;800;803;811;815;819;825;831;836;842;847;851;853;856;859;868;875;878;881;883;887;889;891;894;900;903;906;910;913;915;920;925;925;928;929;935;939;941;946;951;952;954;957;969;970;973;977;981;982;984;991;994;1000;1003;1008;1011;1016;1018;1022;1026;1032;1042;1044;1049;1053;1057;1063;1070;1082;1086;1100;1103;1118;1125;1133;1138;1140;1153;1163;1166;1176;1182;1186;1192;1201;1210;1217;1227;1235;1248;1258;1270;1282;1299;1309;1313;1322;1327;1339;1345;1358;1360;1371;1378;1388;1388;1409;1414;1434;1460;1471;1487;1501;1513;1526;1537;1537;1567;1574;1577;1577;1587;1598;1603;1613;1618;1622;1629;1642;1650;1653;1660;1662;1664;1670;1678;1682;1685;1693;1695;1697;1701;1702;1703;1705;1707;1708;1710;1713;1713;1716;1718;1719;1719;1720;1721;1723;1723;1725;1726;1727;1727;1727;1729;1729;1729;1729;1730;1730;1730;1730;1731;1732;1733;1733;1733;1733;1733;1735;1735;1735;1735;1735;1735;1735;1735;1736;1737;1737;1737;1737;1737;1737;1737;1738;1738;1738;1738;1738;1741;1743;1746;1746;1749;1749;1756;1760;1764;1770;1772;1772;1775;1778;1789;1799;1809;1819;1826;1832;1840;1842;1847;1852;1857;1863;1866;1870;1877;1881;1884;1886;1888;1888;1891;1892;1893;1893;1894;1895;1895;1895;1895;1896;1896;1896;1896;1896
;QUILAHUANI;-17.31917945;-70.25738142;0;0;0;0;0;0;0;0;0;0;0;0;0;0;0;0;0;0;0;0;0;0;0;0;0;0;0;0;0;0;0;0;0;0;0;0;0;0;0;0;0;0;0;0;0;0;0;0;0;0;0;0;0;0;0;0;0;0;0;0;0;0;0;0;0;0;0;0;0;0;0;0;0;0;0;0;1;2;2;2;2;2;2;2;2;3;3;3;3;3;3;3;3;3;3;3;3;3;3;3;3;3;3;3;3;3;3;3;3;3;3;3;3;3;3;3;3;3;3;3;3;3;3;3;3;3;3;3;3;3;3;3;3;3;3;3;3;3;3;3;3;3;3;3;3;3;3;3;3;3;3;3;3;3;3;3;3;3;3;3;3;3;3;3;3;3;3;3;3;3;3;3;3;3;3;3;3;3;3;3;3;3;3;3;3;3;3;3;3;3;3;3;3;3;3;3;3;3;3;3;3;3;3;3;3;3;3;3;3;3;3;3;3;3;3;3;3;3;3;3;3;3;3;3;3;3;3;3;3;3;3;3;3;3;3;3;3;3;3;3;3;3;3;3;3;3;3;3;3;3;3;3;3;3;3;3;3;3;3;3;3;3;3;3;3;3;3;3;3;3;3;3;3;3;3;3;3;3;3;3;3;3;3;3;3;3;3;3;3;3;3;3;3;3;3;3;3;4;4;4;4;4;4;4;4;4;4;4;4;4;4;4;4;4;4;4;4;4;4;4;4;4;4;4;4;4;5;5;5;5;5;5;5;5;5;5;5;5;5;5;5;5;5;5;5;5;5;5;5;5;5;5;5;5;5;5;5;5;6;6;6;6;6;6;6;6;6;6;6;6;6;6;6;6;7;7;7;7;7;7;7;7;7;7;8;9;9;9;9;9;9;9;10;10;10;11;13;14;14;14;14;14;14;14;14;14;19;21;21;21;21;21;22;23;23;25;27;27;27;27;27;27;27;28;28;28;28;28;28;28;28;28;28;28;28;28;28;28;28;29;29;29;29;30;30;30;30;31;31;31;31;31;31;31;31;31;31;31;31;31;32;32;32;32;32;32;32;32;32;32;32;32;32;32;32;32;32;32;32;33;33;42;42;42;42;42;42;42;42;42;42;42;42;42;42;42;42;42;42;42;42;42;42;42;42;42;42;42;42;42;42;42;42;42;42;42;42;42;42;42;42;42;42;42;42;42;42;42;42;42;42;42;42;42;42;42;42;42;42;42;42;42;42;42;42;42;42;42;42;43;43;43;43;43;43;43;43;43;43;43;43;43;43;43;43;43;43;43;43;43;43;43;43;43;43;43;43;43;43;43;43;43;43;43;43;43;44;44;44;44;44;46;46;46;47;47;47;47;48;48;48;48;48;48;55;55;55;55;55;57;63;63;64;64;64;76;76;79;81;84;85;85;85;87;88;91;91;93;93;93;93;93;93;95;95;95;95;97;97;97;99;99;99;99;102;102;102;102;102;102;102;102;104;104;105;105;105;105;105;105;106;107;107;107;107;108;108;108;108;108;117;117;117;117;117;117;117;117;117;117;117;117;117;117;117;117;117;117;117;117;117;117;117;117;117;117;117;117;117;117;117;118;118;118;118;118;118;118;119;119;119;119;119;119;119;119;119;119;120;120;120;120;120;120;120;120;120;121;121;121;122;122;122;122;122;126;127;127;127;127;127;127;127;127;127;127;131;131
;ILABAYA;-17.4207391;-70.5127463;0;0;0;0;0;0;0;0;0;0;0;0;0;0;0;0;0;0;0;0;0;0;0;0;0;0;0;0;0;0;0;0;0;0;0;0;0;0;0;0;0;0;0;0;0;0;1;1;1;1;1;2;2;2;2;2;2;3;3;4;4;4;6;8;9;13;18;19;23;27;28;36;39;43;44;48;56;63;72;82;83;90;97;102;111;115;123;129;132;136;147;152;165;176;185;192;197;207;214;218;225;237;246;260;264;273;282;293;300;305;314;319;329;353;356;363;373;382;393;403;416;433;445;452;467;484;500;508;520;528;539;556;569;583;608;632;648;664;693;717;735;765;785;815;833;854;878;913;948;979;992;1011;1043;1078;1116;1150;1184;1207;1232;1280;1307;1351;1385;1437;1481;1507;1582;1644;1694;1720;1774;1810;1845;1903;1968;2050;2112;2178;2220;2260;2373;2490;2588;2702;2807;2893;2939;3059;3179;3288;3441;3543;3596;3648;3813;3979;4106;4251;4411;4523;4606;4764;5004;5213;5362;5527;5637;5703;5814;6048;6330;6517;6730;6848;6985;7366;7563;7839;8050;8271;8353;8457;8660;8919;9118;9361;9623;9739;9859;10129;10405;10658;10907;11148;11263;11352;11667;11852;12116;12460;12656;12799;13053;13482;13952;14376;14766;15208;15543;15749;16113;16519;16937;20288;20599;20795;21018;21468;21827;22226;22710;23225;23581;23868;24186;24572;24921;25342;25723;26107;26267;26716;27100;27519;27957;28338;28613;28896;29301;29730;30071;30442;30792;31002;31140;31623;32052;32520;32766;33136;33348;33560;33907;34183;34531;34782;35045;35307;35436;35727;36106;36347;36532;36790;36902;37002;37122;37432;37714;37941;38216;38322;38473;38730;38928;39156;39305;39512;39632;39770;39888;40009;40222;40431;40606;40668;40766;41041;41204;41365;41534;41672;41763;41813;41997;42254;42314;42314;42422;42501;42650;42868;43018;43163;43245;43319;43375;43482;43634;43785;43976;44122;44273;44417;44495;44654;44848;44983;45125;45227;45295;45407;45832;46066;46216;46355;46575;46737;46827;47034;47253;47435;47601;47775;47931;47974;48249;48426;48539;48700;48985;49110;49171;49398;49566;49674;49874;50029;50188;50236;50327;50432;50616;50857;51000;51122;51198;51359;51510;51650;51795;51887;51946;51965;52077;52192;52453;52644;52784;52870;52880;53121;53252;53359;53493;53578;53646;53670;53836;54036;54231;54386;54476;54517;54545;54671;54823;54946;55092;55235;55368;55449;55611;55736;55858;55941;56023;56106;56199;56471;56634;56832;57122;57350;57647;57779;57957;58174;58542;58925;59084;59164;59228;59476;59792;60083;60620;61176;61474;61644;62087;62599;62947;63508;63865;64096;64252;64792;65202;65865;66263;66872;67042;67325;67821;68311;68807;69254;69853;70253;70522;71027;71771;72265;72699;73391;73688;74063;74480;75056;75588;76135;76693;77108;77456;78093;78733;79320;79873;80411;80867;81214;81946;82667;83272;83941;84628;85075;85343;86029;86615;87261;87789;88247;88742;89043;89490;90281;90986;91438;91979;92317;92568;93142;93668;94304;94772;95382;95594;95904;96521;96983;97439;97904;98148;98501;98781;99255;99640;100250;100695;101158;101434;101549;101955;102381;102818;103074;103359;103584;103721;104105;104352;104822;105113;105586;105721;105772;106045;106447;106747;107023;107213;107302;107459;107961;108165;108388;108569;108815;108936;109041;109105;109405;109652;109841;110070;110217;110352;110609;110806;110966;111117;111270;111324;111383;111607;111812;112005;112195;112356;112444;112511;112673;112851;112962;113099;113282;113356;113402;113640;113816;113969;114101;114286;114367;114428;114518;114579;114684;114772;114828;114849;114862;114954;115038;115130;115179;115225;115239;115245;115283;115323;115379;115416;115444;115458;115473;115491;115547;115582;115633;115660;115663;115666;115704;115737;115770;115796;115819;115823;115826;115851;115866;115889;115916;115935;115942;115950;115989;116010;116029;116055;116083;116091;116104;116143;116165;116184;116209;116222;116228;116232;116250;116294;116313;116341;116360;116374;116377;116382;116415;116458;116480;116505;116517;116529;116554;116589;116597;116617;116639;116643;116646;116680;116703;116708;116719;116748;116760;116771;116792;116826;116857;116874;116892;116899;116903;116930;116953;116964;116979;117008;117020;117035;117066;117085;117111;117146;117169;117181;117204;117245;117294;117346;117386;117428;117465;117492;117543;117595;117670;117808;117901;117989;118040;118231;118420;118628;118809;118969;119103;119168;119444;119703;120019;120352;120657;120836;120988;121273;121513;121834;122152;122439;122584;122684;122943
;ITE;-17.8613525;-70.9649217;0;0;0;0;0;0;0;0;0;0;0;0;0;0;0;0;0;0;0;0;0;0;0;0;0;0;0;0;0;0;0;0;0;0;0;0;0;0;0;0;0;0;0;0;0;0;0;0;0;0;0;0;0;0;0;0;0;0;0;0;0;0;0;0;1;1;1;3;3;3;4;7;7;7;7;8;8;9;10;12;13;13;14;16;17;18;19;20;20;22;24;24;24;27;28;28;29;30;30;32;33;33;35;39;40;40;42;43;44;45;46;47;48;49;52;55;60;61;64;67;70;74;77;81;87;91;98;113;120;127;131;139;158;170;176;183;190;200;211;217;227;245;258;264;269;285;293;302;309;319;332;350;360;372;386;397;410;421;426;433;443;453;459;469;477;484;491;503;521;535;546;559;565;573;581;592;607;620;631;641;650;662;678;688;692;700;705;711;719;723;728;738;749;754;762;768;770;772;777;785;791;796;803;806;809;814;817;818;824;832;833;836;842;850;852;854;858;861;864;869;872;877;879;881;884;887;891;895;897;900;903;905;906;909;911;916;919;920;923;925;926;928;930;936;938;942;945;947;948;951;957;958;959;963;966;972;977;984;990;995;1004;1010;1016;1020;1026;1032;1039;1046;1056;1067;1081;1091;1101;1121;1131;1145;1157;1180;1196;1222;1243;1272;1300;1341;1363;1391;1413;1448;1476;1506;1533;1559;1580;1609;1636;1668;1697;1738;1763;1788;1811;1839;1870;1900;1931;1952;1976;2002;2040;2068;2090;2121;2142;2164;2193;2228;2254;2277;2309;2326;2344;2372;2393;2416;2445;2462;2486;2503;2529;2556;2581;2596;2616;2630;2656;2673;2691;2714;2733;2752;2768;2775;2797;2807;2823;2828;2836;2850;2864;2878;2890;2901;2908;2922;2929;2931;2941;2951;2963;2974;2987;2992;2998;3007;3016;3021;3030;3034;3039;3047;3052;3056;3067;3069;3071;3080;3084;3089;3096;3107;3109;3114;3117;3123;3126;3130;3135;3138;3140;3141;3147;3150;3155;3156;3158;3159;3164;3167;3171;3175;3179;3183;3190;3192;3195;3200;3202;3208;3215;3219;3221;3225;3232;3237;3239;3243;3253;3255;3265;3277;3282;3301;3320;3332;3348;3360;3384;3398;3416;3434;3450;3464;3476;3497;3515;3533;3552;3575;3592;3614;3627;3647;3675;3697;3720;3735;3753;3775;3794;3817;3835;3859;3878;3895;3919;3944;3969;3984;4001;4018;4040;4058;4071;4087;4108;4128;4139;4149;4165;4178;4192;4209;4225;4234;4249;4256;4272;4291;4301;4314;4323;4333;4346;4357;4364;4371;4386;4392;4394;4400;4411;4416;4423;4428;4432;4438;4445;4446;4448;4452;4454;4458;4463;4463;4474;4478;4482;4482;4484;4488;4489;4490;4491;4492;4496;4498;4499;4502;4503;4505;4505;4506;4508;4510;4514;4514;4517;4518;4521;4526;4527;4530;4531;4536;4540;4542;4544;4547;4549;4552;4556;4558;4559;4566;4569;4572;4573;4575;4579;4584;4587;4590;4597;4597;4604;4608;4614;4619;4621;4621;4625;4632;4636;4641;4650;4653;4658;4664;4669;4678;4685;4695;4702;4713;4716;4727;4732;4737;4752;4762;4768;4778;4785;4796;4812;4823;4830;4844;4857;4876;4892;4904;4911;4924;4939;4954;4968;4979;4995;5002;5018;5034;5056;5075;5101;5117;5131;5143;5161;5181;5200;5216;5239;5251;5264;5277;5299;5319;5339;5354;5372;5397;5419;5440;5466;5499;5529;5549;5575;5618;5646;5675;5713;5754;5778;5805;5842;5870;5902;5944;5975;6013;6055;6112;6151;6189;6232;6284;6328;6379;6441;6491;6532;6582;6628;6670;6700;6762;6831;6867;6937;6976;7016;7055;7107;7153;7183;7212;7253;7278;7308;7356;7379;7419;7459;7485;7514;7535;7567;7610;7631;7644;7669;7683;7691;7718;7728;7747;7767;7788;7802;7819;7845;7856;7874;7885;7893;7899;7903;7914;7921;7936;7939;7942;7943;7950;7965;7970;7968;7972;7975;7977;7983;7986;7989;7993;7997;7999;8001;8004;8006;8014;8014;8015;8018;8019;8020;8022;8025;8026;8026;8026;8028;8028;8032;8033;8035;8035;8041;8046;8053;8056;8060;8065;8075;8081;8086;8097
;LOCUMBA;-17.6138491;-70.7623551;0;0;0;0;0;0;0;0;0;0;0;0;0;0;0;0;0;0;0;0;0;0;0;0;0;0;0;0;0;0;0;0;0;0;0;0;0;0;0;0;0;0;0;0;0;0;0;0;0;0;0;0;0;0;0;0;0;0;0;0;0;0;0;0;0;0;0;0;1;1;1;1;1;2;2;2;2;2;2;2;2;2;2;2;3;3;3;3;3;3;3;3;3;3;3;3;3;3;3;3;3;3;3;3;3;3;3;3;3;3;3;3;3;3;3;3;3;3;3;3;3;3;3;3;3;3;3;3;3;3;3;3;3;3;3;3;3;3;3;3;3;3;3;3;3;3;3;3;3;3;3;3;3;3;3;3;3;3;3;3;3;3;3;3;3;3;3;3;3;3;3;3;3;3;3;3;3;3;3;3;3;3;3;3;3;3;3;3;3;3;3;3;3;3;3;3;3;3;3;3;3;3;3;3;3;3;3;3;3;3;3;3;3;3;3;3;3;3;3;3;3;3;3;3;3;3;3;3;3;3;3;3;3;3;3;3;3;3;3;3;3;3;3;3;3;3;3;3;3;3;3;3;3;3;3;3;3;3;3;3;3;3;3;3;3;3;3;3;3;3;3;3;3;3;3;3;3;3;3;3;3;3;3;3;3;3;3;3;3;3;3;3;3;3;3;3;3;3;3;3;3;3;3;3;3;3;3;3;3;3;3;3;3;3;3;3;3;3;3;3;3;3;3;3;3;3;3;3;3;3;3;3;3;3;3;3;3;3;3;3;3;3;3;3;3;3;3;3;3;3;3;3;3;3;3;3;3;3;3;3;3;3;3;3;3;3;3;3;3;3;3;3;3;3;3;3;3;3;3;3;3;3;3;3;3;3;3;3;3;3;3;3;3;3;3;3;3;3;3;3;3;3;3;3;3;3;3;3;3;3;3;3;3;3;3;3;3;3;3;3;3;3;3;3;3;3;3;3;3;3;3;3;3;3;3;3;3;3;3;3;3;3;3;3;3;3;3;3;3;3;3;3;3;3;3;3;3;3;3;3;3;3;3;3;3;3;3;3;3;3;3;3;3;3;3;3;3;3;3;3;3;3;3;3;3;3;3;3;3;3;3;3;3;3;3;3;3;3;3;3;3;3;3;3;3;3;3;3;3;3;3;3;3;3;3;3;3;3;3;3;3;3;3;3;3;3;3;3;3;3;3;3;3;3;3;3;3;3;3;3;3;3;3;3;3;3;3;3;3;3;3;3;3;3;3;3;3;3;3;3;3;3;3;3;3;3;3;3;3;3;3;3;3;3;3;3;3;3;3;3;3;3;3;3;3;3;3;3;3;3;3;3;3;3;3;3;3;3;3;3;3;3;3;3;3;3;3;3;3;3;3;3;3;4;4;5;6;8;6;6;8;8;9;9;9;9;9;9;9;9;10;11;11;11;11;11;11;11;11;11;11;11;11;11;11;11;11;11;13;13;13;13;14;14;14;14;14;14;14;14;14;14;14;14;14;14;14;14;14;14;14;14;14;14;14;14;14;14;14;14;14;14;14;14;14;15;15;15;15;15;15;15;15;15;15;15;15;15;15;15;15;15;15;15;15;15;15;15;15;15;15;15;15;15;15;15;15;15;15;15;16;16;16;16;18;19;19;20;20;22;22;22;24;25;25;25;26;26;26;26;26;26;26;27;28;28;29;29
;ALTO DE LA ALIANZA;-17.8003418;-70.27118845;0;0;0;0;0;0;0;0;0;0;0;0;0;0;0;0;0;0;0;0;0;0;0;0;0;0;0;0;0;0;0;0;0;0;0;0;0;0;0;0;0;0;1;1;1;1;2;2;2;2;2;2;2;2;2;4;5;5;6;6;6;6;7;7;7;7;8;8;8;8;9;10;12;12;16;18;21;21;21;22;23;24;25;25;25;25;26;26;26;26;26;26;31;33;33;34;34;39;40;41;41;42;42;43;44;44;44;44;44;44;44;45;45;45;45;45;46;46;47;47;48;48;48;48;48;48;48;48;48;48;48;48;48;48;48;48;48;48;48;48;48;48;48;48;48;48;48;48;48;48;48;48;48;48;49;49;49;49;49;49;49;49;49;49;49;49;49;49;49;49;49;49;49;49;49;49;49;49;49;49;49;49;49;49;49;49;49;49;49;49;49;50;50;50;50;50;50;50;50;50;50;50;50;51;51;51;52;52;52;52;52;52;52;52;52;52;52;52;52;52;52;52;52;52;52;52;52;52;52;52;52;52;52;52;52;52;52;52;52;52;52;53;53;53;53;53;53;53;53;53;53;53;53;53;53;53;53;53;53;53;53;53;53;53;53;53;53;53;53;53;53;53;53;53;53;53;53;53;53;53;53;53;53;53;53;53;53;53;53;53;53;53;53;53;53;53;53;53;53;53;53;53;53;53;53;53;53;53;53;53;53;53;53;53;53;53;53;53;53;53;53;53;53;53;53;53;53;53;53;53;53;53;53;53;53;53;53;53;53;53;54;54;54;54;54;54;54;54;54;54;54;54;54;54;54;54;54;54;54;54;54;54;54;54;54;54;54;54;54;54;54;54;54;54;54;54;54;54;54;54;54;54;54;54;54;54;54;54;54;54;54;54;54;54;54;54;54;54;54;54;54;54;54;54;54;54;54;54;54;54;54;54;54;54;54;54;54;54;54;54;54;54;54;54;54;54;54;54;54;54;54;54;54;54;54;54;54;54;54;54;54;54;54;54;54;54;54;54;54;54;54;54;54;54;54;54;54;54;54;54;54;54;54;54;54;54;54;54;54;54;54;54;54;54;54;54;54;54;54;54;54;54;54;54;54;54;54;54;54;54;54;54;54;54;54;54;54;54;54;54;54;54;54;54;54;54;54;54;54;54;54;54;54;54;54;54;54;54;54;54;54;54;54;54;54;54;54;54;54;54;54;54;54;54;54;55;55;56;56;56;56;57;58;58;59;59;59;60;60;62;62;66;65;67;67;68;68;69;69;71;76;77;83;82;83;87;89;91;93;97;102;110;111;114;115;119;122;125;128;128;130;133;135;137;143;147;150;154;161;173;177;180;185;193;201;207;216;224;231;238;240;252;264;276;282;295;299;309;314;320;331;342;351;363;370;385;391;406;416;426;432;439;449;457;468;479;485;493;498;502;508;512;514;524;529;533;540;541;546;548;552;556;557;560;562;564;567;568;572;576;580;584;587;590;591;598;602;605;606;608;608;609;610;612;612;615;618;618;620;621;623;625;625;625;625;625;625;628;628;628;628;629;630;630;632;633;634;634;637;639;639;640;641;641;642;643;643;643;645;647;648;649;649;649;652;653;656;657;663;668;669;673;675;684;689;700;709;725;743;754;775;797;826;846;866;883;919;951;976;1022;1052;1096;1110;1139;1168;1196;1231;1315;1366;1393;1422;1449;1487;1518;1536;1564;1578;1596
;CALANA;-17.9388968;-70.1862051;0;0;0;0;0;0;0;0;0;0;0;0;0;0;0;0;0;0;0;0;0;0;0;0;0;0;0;0;0;0;0;0;0;0;0;0;0;0;0;0;0;0;0;0;0;0;0;0;0;0;0;0;0;0;0;0;0;0;0;0;0;0;0;0;0;0;0;0;0;0;0;0;0;0;0;0;0;0;0;0;0;0;0;0;0;0;0;0;0;0;0;0;0;0;0;0;0;0;0;0;0;0;0;0;0;0;0;0;0;0;0;0;0;0;0;0;0;0;0;0;0;0;0;0;0;0;0;0;0;0;0;0;0;0;0;0;0;0;0;0;0;0;0;0;0;0;0;0;0;0;0;0;0;0;0;0;0;0;0;0;0;0;0;0;0;0;0;0;0;0;0;0;0;0;0;0;0;0;0;0;0;0;0;0;0;0;0;0;0;0;0;0;0;0;0;0;0;0;0;0;0;0;0;0;0;0;0;0;0;0;0;0;0;0;0;0;0;0;0;0;0;0;0;0;0;0;0;0;0;0;0;0;0;0;0;0;0;0;0;0;0;0;0;0;0;0;0;0;0;0;0;0;0;0;0;0;0;0;0;0;0;0;0;0;0;0;0;0;0;0;0;0;0;0;0;0;0;0;0;0;0;0;0;0;0;0;0;0;0;0;0;0;0;0;0;0;0;0;0;0;0;0;0;0;0;0;0;0;0;0;0;0;0;0;0;0;0;0;0;0;0;0;0;0;0;0;0;0;0;0;0;0;0;0;0;0;0;0;0;0;0;0;0;0;0;0;0;0;0;0;0;0;0;0;0;0;0;0;0;0;0;0;0;0;0;0;0;0;0;0;0;0;0;0;0;0;0;0;0;0;0;0;0;0;0;0;0;0;0;0;0;0;0;0;0;0;0;0;0;0;0;0;0;0;0;0;0;0;0;0;0;0;0;0;0;0;0;0;0;0;0;0;0;0;0;0;0;0;0;0;0;0;0;0;0;0;0;0;0;0;0;0;0;0;0;0;0;0;0;0;0;0;0;0;0;0;0;0;0;0;0;0;0;0;0;0;0;0;0;0;0;0;0;0;0;0;0;0;0;0;0;0;0;0;0;0;0;0;0;0;0;0;0;0;0;0;0;0;0;0;0;0;0;0;0;0;0;0;0;0;0;0;0;0;0;0;0;0;0;0;0;0;0;0;0;0;0;0;0;0;0;0;0;0;0;0;0;0;0;0;0;0;0;0;0;0;0;0;0;0;0;0;0;0;0;0;0;0;0;0;0;0;0;0;0;0;0;0;0;0;0;0;0;0;0;0;0;0;0;0;0;0;0;0;0;0;0;0;0;0;0;0;0;0;0;0;0;0;0;0;0;0;0;0;0;0;0;0;0;0;0;0;0;0;0;0;0;0;0;0;0;0;0;0;0;0;0;0;0;0;0;0;0;0;0;0;0;0;0;0;0;0;0;0;0;0;0;0;0;0;0;0;0;0;0;0;0;0;0;0;0;0;0;0;0;0;0;0;0;0;0;0;0;0;0;0;0;0;0;0;1;0;1;1;1;1;1;1;1;1;1;1;1;1;1;1;1;1;1;1;1;1;1;1;1;1;1;1;1;1;1;1;1;1;1;1;1;1;1;1;1;1;1;1;2;2;2;2;2;2;2;2;2;2;2;3;2;2;2;2;2;3;2;4;4;4;5;5
;CIUDAD NUEVA;-17.9836975;-70.2355919;0;0;0;0;0;0;0;0;0;0;0;0;0;0;0;0;0;0;0;0;0;0;0;0;0;0;0;0;0;0;0;0;0;0;0;0;0;0;0;0;0;0;0;0;0;0;0;0;0;0;0;0;0;0;0;0;0;0;0;0;0;0;0;0;1;1;1;2;2;2;2;4;4;4;4;4;4;4;4;4;5;5;5;5;5;5;5;6;6;6;6;6;6;6;6;6;6;6;6;6;6;6;6;6;6;6;6;6;6;6;6;6;6;6;6;6;6;6;6;6;6;6;6;6;6;7;7;7;7;7;7;6;6;6;6;6;6;6;6;6;6;6;6;6;6;6;6;6;6;6;6;6;6;6;6;6;6;6;6;6;6;6;6;6;6;6;6;6;6;6;6;6;6;6;6;6;6;6;6;6;6;6;6;6;6;6;6;6;6;6;6;6;6;6;6;6;6;6;6;6;6;6;6;6;6;6;6;6;6;6;6;6;6;6;6;6;6;6;6;6;6;6;6;6;6;6;6;6;6;6;6;6;6;6;6;6;6;6;6;6;6;6;6;6;6;6;6;6;6;6;6;6;6;6;6;6;6;6;6;6;6;6;6;6;6;6;6;6;6;6;6;6;6;6;6;6;6;6;6;6;6;6;6;6;6;6;6;6;6;6;6;6;6;6;6;6;6;6;6;6;6;6;6;6;6;6;6;6;6;6;6;6;6;6;6;6;6;6;6;6;6;6;6;6;6;6;6;6;6;6;6;6;6;6;6;6;6;6;6;6;6;6;6;6;6;6;6;6;6;6;6;6;6;6;6;6;6;6;6;6;6;6;6;6;6;6;6;6;6;6;6;6;6;6;6;6;6;6;6;6;6;6;6;6;6;6;6;6;6;6;6;6;6;6;6;6;6;6;6;6;6;6;6;6;6;6;6;6;6;6;6;6;6;6;6;6;6;6;6;6;6;6;6;6;6;6;6;6;6;6;6;6;6;6;6;6;6;6;6;6;6;6;6;6;6;6;7;7;7;7;7;7;7;7;7;7;7;7;7;7;7;7;7;7;7;7;7;7;7;7;7;7;7;7;7;7;7;7;7;7;7;7;7;7;7;7;7;7;7;7;7;7;7;7;7;7;7;7;7;7;7;7;7;7;7;7;7;7;7;7;7;7;7;7;7;7;7;7;7;7;7;7;7;7;7;7;7;7;7;7;7;7;7;7;7;7;7;7;7;7;7;7;7;7;7;7;7;7;7;7;7;7;7;7;7;7;7;7;7;7;7;7;7;7;7;7;7;7;7;7;7;7;7;7;7;7;7;7;7;7;7;7;7;7;7;7;7;7;7;7;7;7;7;7;7;7;7;7;7;7;7;7;7;7;7;7;7;7;7;7;7;7;7;7;7;7;7;7;7;7;7;7;7;7;7;7;7;7;7;7;7;7;7;7;7;7;7;7;7;7;7;7;7;7;7;7;7;7;7;7;7;7;7;7;7;7;7;7;7;7;7;7;7;7;7;7;7;7;7;7;7;7;7;7;7;7;7;7;7;7;7;7;7;7;7;7;7;7;7;7;7;7;7;7;7;7;7;7;7;7;7;7;7;7;7;7;7;7;7;7;7;7;7;7;8;8;8;10;10;11;11;17;20;20;29;29;52;63;72;85;85;105;105;129;138;153;153;183;196;199;209;225;234;247;268;277;296;308
;CORONEL GREGORIO ALBARRACÍN LANCHIPA;-18.047422;-70.2588039;0;0;0;0;0;0;0;0;0;0;0;0;0;0;0;0;0;0;0;0;0;0;0;0;0;0;0;0;0;0;0;0;0;0;0;0;0;0;0;0;0;0;0;0;0;0;0;0;0;0;0;0;0;0;0;0;0;0;0;0;0;0;0;0;0;0;0;0;0;0;0;0;0;0;0;0;1;2;3;3;3;4;4;4;4;4;4;4;4;4;4;4;4;4;4;4;4;4;4;4;4;4;4;4;4;4;4;4;4;4;4;4;4;4;4;4;4;4;4;4;4;4;4;4;4;4;4;4;4;4;4;4;4;4;4;4;4;4;4;4;4;4;4;4;4;4;4;4;4;4;4;4;4;4;4;4;4;4;4;4;4;4;4;4;4;4;4;4;4;4;4;4;4;4;4;4;4;4;4;4;4;4;4;4;4;4;4;4;4;4;4;4;4;4;4;4;4;4;4;4;4;4;4;4;4;4;4;4;4;4;4;4;4;4;4;4;4;4;4;4;4;4;4;4;4;4;4;4;4;4;4;4;4;4;4;4;4;4;4;4;4;4;4;4;4;4;4;4;4;4;4;4;4;4;4;4;4;4;4;4;4;4;4;4;4;4;4;4;4;4;4;4;4;4;4;4;4;4;4;4;4;4;4;4;4;4;4;4;4;4;4;4;4;4;4;4;4;4;4;4;4;4;4;4;4;4;4;4;4;4;4;4;4;4;4;4;4;4;4;4;4;4;4;4;4;4;4;4;4;4;4;4;4;4;4;4;4;4;4;4;4;4;4;4;4;4;4;4;4;4;4;4;4;4;4;4;4;4;4;4;4;4;4;4;4;4;4;4;4;4;4;4;4;4;4;4;4;4;4;4;4;4;4;4;4;4;4;4;4;4;4;4;4;4;4;4;4;4;4;4;4;4;4;4;4;4;4;4;4;4;4;4;4;4;4;4;4;4;4;4;4;4;4;4;4;4;4;4;4;4;4;4;4;4;4;4;4;4;4;4;4;4;4;4;4;4;4;4;4;4;4;4;4;4;4;4;4;4;4;4;4;4;4;4;4;4;4;4;4;4;4;4;4;4;4;4;4;4;4;4;4;4;4;4;4;4;4;4;4;4;4;4;4;4;4;4;4;4;4;4;4;4;4;4;4;4;4;4;4;4;4;4;4;4;4;4;4;4;4;4;4;4;4;4;4;4;4;4;4;4;4;4;4;4;4;4;4;4;4;4;4;4;4;4;4;4;4;4;4;4;4;4;4;4;4;4;4;4;4;4;4;4;4;4;4;4;4;4;4;4;4;4;4;4;4;4;4;4;4;4;4;4;4;4;4;4;4;4;4;4;4;4;4;4;4;4;4;4;4;4;4;4;4;4;4;4;4;4;4;4;4;4;4;4;4;4;4;4;4;4;4;4;4;4;4;4;4;4;4;4;4;4;4;4;4;4;4;4;4;4;4;4;4;4;4;4;4;4;4;4;4;4;4;4;4;4;4;4;4;4;4;4;4;4;4;4;4;4;4;4;4;4;4;4;4;4;4;4;4;4;4;4;4;4;4;4;4;4;4;4;4;4;4;4;4;4;4;4;4;4;4;4;4;4;4;5;5;5;6;6;6;8;8;8;8;10;8;15;16;19;26;30;30;36;42;42;42;50;47;58;67;67;69;74;74;87;100;110;111;117;120;121;122;125;125;127;133;137
;INCLÁN;-17.6749065;-70.40861575;0;0;0;0;0;0;0;0;0;0;0;0;0;0;0;0;0;0;0;0;0;0;0;0;0;0;0;0;0;0;0;0;0;0;0;0;0;0;0;0;0;0;0;0;0;0;0;0;0;0;0;0;0;0;0;0;0;0;0;0;0;0;0;0;0;0;0;0;0;1;2;2;2;2;2;2;2;3;3;4;4;5;5;6;6;6;7;7;7;7;7;7;8;9;10;11;11;11;12;13;13;13;13;13;13;13;13;13;13;13;13;13;13;13;13;13;13;13;13;13;13;13;13;13;13;13;13;13;13;13;13;13;13;13;13;13;13;13;13;13;13;13;13;13;13;13;13;13;13;13;13;13;13;13;13;13;13;13;13;13;13;13;13;13;13;13;13;13;13;13;13;13;13;13;13;13;13;13;13;13;13;13;13;13;13;13;13;13;13;13;13;13;13;13;13;13;13;13;13;13;13;13;13;13;13;13;13;13;13;13;13;13;13;13;13;13;13;13;13;13;13;13;13;13;13;13;13;13;13;13;13;13;13;13;13;13;13;13;13;13;13;13;13;13;13;13;13;13;13;13;13;13;13;13;13;13;13;13;13;13;13;13;13;13;13;13;13;13;13;13;13;13;13;13;13;13;13;13;13;13;13;13;13;13;13;13;13;13;13;13;13;13;13;13;13;13;13;13;13;13;13;13;13;13;13;13;13;13;13;13;13;13;13;13;13;13;13;13;13;13;13;13;13;13;13;13;13;13;13;13;13;13;13;13;13;13;13;13;13;13;13;13;13;13;13;13;13;13;13;13;13;13;13;13;13;13;13;13;13;13;13;13;13;13;13;13;13;13;13;13;13;13;13;13;13;13;13;13;13;13;13;13;13;13;13;13;13;13;13;13;13;13;13;13;13;13;13;13;13;13;13;13;13;13;13;13;13;13;13;13;13;13;13;13;13;13;13;13;13;13;13;13;13;13;13;13;13;13;13;13;13;13;13;13;13;13;13;13;13;13;13;13;13;13;13;13;13;13;13;13;13;13;13;13;13;13;13;13;13;13;13;13;13;13;13;13;13;13;13;13;13;13;13;13;13;13;13;13;13;13;13;13;13;13;13;13;13;13;13;13;13;13;13;13;13;13;13;13;13;13;13;13;13;13;13;13;13;13;13;13;13;13;13;13;13;13;13;13;13;13;13;13;13;13;13;13;13;13;13;13;13;13;13;13;13;13;13;13;13;13;13;13;13;13;13;13;13;13;13;13;13;13;13;13;13;13;13;13;13;13;13;13;13;13;13;13;13;13;13;13;13;13;13;13;13;13;13;13;13;13;13;13;13;13;13;13;13;13;13;13;13;13;13;13;13;13;13;13;13;13;13;13;13;13;13;13;13;13;13;13;13;13;13;13;13;13;13;13;13;13;13;13;13;13;13;13;13;13;13;13;13;13;13;13;13;13;13;13;13;13;13;13;13;13;13;13;13;13;13;13;13;13;13;13;13;13;13;13;13;13;13;13;13;13;13;13;13;13;13;13;13;13;13;13;13;13;13;13;13;13;13;13;13;13;13;13;13;13;13;13;13;13;13;13;13;13;13;13;13;13;13;13;13;13;13;13;13;13;13;13;13;13;13;13;13;13;13;13;13;13;13;13;13;13;13;13;13;13;13;14;15;15;15;16;17;17;17;17;18;18;18;18;19;19;19;20;20;20
;LA YARADA LOS PALOS;-18.2115431;-70.45074405;0;0;0;0;0;0;0;0;0;0;0;0;0;0;0;0;0;0;0;0;0;0;0;0;0;0;0;0;0;0;0;0;0;0;0;0;0;0;0;0;0;0;0;0;0;0;0;0;0;0;0;0;0;0;0;0;0;0;0;0;0;0;0;0;3;3;3;4;4;4;4;5;7;8;8;10;11;12;12;13;14;14;14;14;14;14;14;14;14;14;14;14;16;16;16;17;17;18;18;18;18;18;18;18;18;18;18;18;18;18;18;18;18;18;18;18;18;18;18;18;18;18;19;19;19;19;19;19;19;19;19;19;19;19;19;19;19;19;19;19;19;19;19;19;19;19;19;19;19;19;19;19;19;20;20;20;20;20;20;20;20;20;20;20;20;22;22;22;22;22;23;24;24;24;27;29;32;34;38;39;42;44;49;55;61;71;77;83;92;105;112;116;123;136;147;162;170;181;193;210;228;246;267;275;289;293;309;334;351;363;376;385;398;415;430;438;462;485;496;513;524;565;570;576;591;650;661;666;675;683;694;701;710;716;723;729;729;737;745;750;757;761;763;766;771;773;781;782;784;787;794;798;800;802;805;806;806;807;809;809;809;809;810;810;811;816;816;816;816;816;817;817;817;817;817;817;817;817;817;819;819;819;819;819;819;819;819;819;819;819;819;819;819;819;819;819;819;819;819;819;819;819;819;819;819;819;819;819;819;819;819;819;820;820;820;820;820;820;820;820;820;820;820;820;820;820;820;820;820;820;820;820;820;820;820;820;820;820;820;820;820;820;820;820;820;820;820;820;820;820;820;820;820;820;820;820;820;820;820;820;820;820;820;820;820;820;820;820;820;820;820;820;820;820;820;820;820;820;820;820;820;820;820;820;820;820;820;820;820;820;820;820;820;820;820;820;820;820;820;820;820;820;820;820;820;820;820;820;820;820;820;820;820;820;820;820;820;820;820;820;820;820;820;820;820;820;820;820;820;820;820;820;820;820;820;820;820;820;820;820;820;820;820;820;820;820;820;820;820;820;820;820;820;820;820;820;820;820;820;820;820;820;820;820;820;820;820;820;820;820;820;820;820;820;820;820;820;820;820;820;820;820;820;820;820;820;820;820;820;820;820;820;820;820;820;820;820;820;820;820;820;820;820;820;820;820;820;820;820;820;820;820;820;820;820;820;820;820;820;820;820;820;820;820;820;820;820;820;820;820;820;820;820;820;820;820;820;820;820;820;820;820;820;820;820;820;820;820;820;820;820;820;820;820;820;820;820;820;820;820;820;820;820;820;820;820;820;820;820;820;820;820;820;820;820;820;820;820;820;820;820;820;820;820;820;820;820;822;822;823;823;823;823;823;823;823;824;824;824;824;826;828;828;829;830;831;832;833;836;840;841;842;844;845;849;856;861;864;866;869;873;877;888;890;895;900;905;913;921;934;945;951;957;964;970;981;993;1005;1021;1030;1041;1048;1052;1065;1090;1100;1111;1123;1125;1134;1142;1151;1161;1168;1177;1182;1192;1206;1209;1218;1222;1226;1231;1239;1248;1260;1268;1273;1277;1280;1298;1301;1306;1313;1318;1322;1325;1331;1336;1346;1357;1366;1372;1378;1385;1390;1399;1401;1414;1416;1418;1424;1427;1436;1443;1450;1454;1454;1460;1466;1476;1484;1490;1492;1495;1499;1504;1517;1525;1534;1537;1540;1542;1553;1559;1565;1574;1578;1580;1593;1614;1639;1657;1680;1694;1695;1717;1735;1751;1766;1791;1805;1814;1836;1866;1900;1939;1970;1990;1996;2029;2054;2088;2124;2165;2171;2178;2198
;PACHÍA;-17.8969358;-70.1547383;0;0;0;0;0;0;0;0;0;0;0;0;0;0;0;0;0;0;0;0;0;0;0;0;0;0;0;0;0;0;0;0;0;0;0;0;0;0;0;1;1;1;1;1;1;1;1;1;1;1;1;1;1;1;1;1;1;1;1;1;1;1;1;1;2;2;2;2;2;2;2;2;2;2;3;4;4;6;6;6;6;6;6;6;6;6;7;7;7;7;7;7;7;8;8;8;8;8;8;8;8;8;9;9;9;9;9;9;9;9;9;9;9;9;9;9;9;9;9;9;9;9;9;9;9;9;9;9;9;9;9;9;9;9;9;9;9;9;9;9;9;9;9;9;9;9;9;9;9;9;9;9;9;9;9;9;9;9;9;9;9;9;9;9;9;9;9;9;9;9;9;9;9;9;9;9;9;9;9;9;9;9;9;9;9;9;9;9;9;9;9;9;9;9;9;9;9;9;9;9;9;9;9;9;9;9;9;9;9;9;9;9;9;9;9;9;9;9;9;9;9;9;9;9;9;9;9;9;9;9;9;9;9;9;9;9;9;9;9;9;9;9;9;9;9;9;9;9;9;9;9;9;9;9;9;9;9;9;9;9;9;9;9;9;9;9;9;9;9;9;9;9;9;9;9;9;9;9;9;9;9;9;9;9;9;9;9;9;9;9;9;9;9;9;9;9;9;9;9;9;9;9;9;9;9;9;9;9;9;9;9;9;9;9;9;9;9;9;9;9;9;9;9;9;9;9;9;9;9;9;9;9;9;9;9;9;9;9;9;9;9;9;9;9;9;9;9;9;9;9;9;9;9;9;9;9;9;9;9;9;9;9;9;9;9;9;9;9;9;9;9;9;9;9;9;9;9;9;9;9;9;9;9;9;9;9;9;9;9;9;9;9;9;9;9;9;9;9;9;9;9;9;9;9;9;9;9;9;9;9;9;9;9;9;9;9;9;9;9;9;9;9;9;9;9;9;9;9;9;9;9;9;9;9;9;9;9;9;9;9;9;9;9;9;9;9;9;9;9;9;9;9;9;9;9;9;9;9;9;9;9;9;9;9;9;9;9;9;9;9;9;9;9;9;9;9;9;9;9;9;9;9;9;9;9;9;9;9;9;9;9;9;9;9;9;9;9;9;9;9;9;9;9;9;9;9;9;9;9;9;9;9;9;9;9;9;9;9;9;9;9;9;9;9;9;9;9;9;9;9;9;9;9;9;9;9;9;9;9;9;9;9;9;9;9;9;9;9;9;9;9;9;9;9;9;9;9;9;9;9;9;9;9;9;9;9;9;9;9;9;9;9;9;9;10;10;9;9;9;9;9;9;9;9;9;9;9;9;9;9;9;9;9;9;9;9;9;9;9;9;9;9;9;9;9;9;9;9;9;9;9;9;9;9;9;9;9;9;9;9;9;9;9;9;9;9;9;9;9;9;9;9;9;9;9;9;9;9;9;9;9;9;9;9;9;9;9;9;9;9;9;9;9;9;9;9;9;9;9;9;9;9;9;9;9;9;9;9;9;9;9;9;9;9;9;9;9;9;9;9;9;9;9;9;9;9;9;9;9;9;9;9;9;9;9;9;9;9;9;9;9;9;9;9;9;9;9;9;9;9;9;9;9;9;9;9;9;9;9;9;9;9;9;9;9;9;9;9;9;9;9;9;9;9;9;9;9;9;9;9;9;9;9;9;9;9;9;9
;PALCA;-17.7779521;-69.959659;0;0;0;0;0;0;0;0;0;0;0;0;0;0;0;0;0;0;0;0;0;0;0;0;0;0;0;0;0;0;0;0;0;0;0;0;0;0;0;0;0;0;0;0;0;0;0;0;0;0;1;1;1;1;3;3;4;6;6;8;16;21;28;30;49;58;68;86;108;128;146;158;168;186;204;220;243;273;295;319;337;350;368;384;393;410;431;443;452;470;491;510;522;530;536;542;549;569;580;584;589;596;598;600;606;608;609;614;615;618;620;623;624;626;628;629;629;629;632;633;633;635;639;640;641;643;645;668;668;668;668;668;669;670;670;672;672;672;672;672;673;674;675;677;677;678;681;687;688;688;688;690;690;693;693;698;698;700;702;703;705;705;705;705;705;706;706;706;706;706;706;706;708;708;709;710;711;711;711;711;711;710;711;711;711;712;712;713;713;716;718;718;718;718;718;719;719;719;720;721;721;723;723;724;725;725;728;728;729;729;729;729;730;732;732;733;733;733;733;733;733;733;733;734;734;735;735;735;736;746;747;747;748;750;754;756;757;757;758;758;763;765;766;767;771;777;783;786;787;787;790;796;799;802;803;809;813;818;822;830;838;842;852;851;855;861;872;877;882;889;893;904;914;925;941;954;965;979;992;1005;1027;1056;1082;1109;1130;1159;1192;1227;1268;1340;1377;1411;1454;1499;1564;1608;1661;1746;1829;1887;1945;2054;2116;2224;2328;2388;2459;2577;2667;2773;2886;3018;3105;3184;3325;3446;3538;3651;3757;3840;3897;4002;4056;4163;4289;4415;4473;4530;4648;4764;4982;5127;5209;5351;5435;5540;5654;5745;5783;5843;5881;5931;6059;6149;6222;6261;6275;6324;6357;6457;6525;6568;6641;6687;6723;6747;6819;6868;6921;6987;7053;7082;7122;7199;7237;7288;7330;7389;7418;7451;7515;7564;7607;7658;7703;7721;7778;7847;7902;7936;7973;7994;8012;8032;8071;8114;8138;8170;8195;8211;8221;8260;8290;8312;8348;8368;8386;8397;8434;8470;8493;8515;8538;8561;8574;8605;8625;8652;8669;8694;8713;8732;8757;8776;8798;8831;8856;8873;8892;8925;8956;8982;9024;9052;9074;9089;9121;9151;9178;9200;9231;9256;9275;9308;9339;9368;9397;9434;9449;9482;9517;9546;9586;9624;9662;9687;9706;9748;9779;9813;9843;9870;9898;9922;9959;9997;10026;10055;10070;10087;10098;10126;10152;10179;10205;10233;10245;10260;10291;10311;10333;10351;10374;10382;10392;10413;10428;10444;10455;10470;10474;10480;10499;10508;10527;10534;10541;10546;10547;10551;10566;10573;10588;10592;10596;10603;10615;10621;10627;10631;10636;10639;10640;10647;10650;10650;10652;10652;10661;10662;10668;10671;10674;10677;10679;10680;10680;10684;10686;10697;10700;10699;10700;10701;10700;10702;10706;10709;10709;10709;10713;10718;10719;10721;10722;10723;10723;10723;10724;10726;10727;10728;10728;10729;10729;10729;10729;10730;10730;10731;10731;10732;10737;10737;10737;10737;10737;10738;10739;10742;10744;10745;10748;10750;10750;10750;10751;10752;10753;10753;10754;10756;10757;10757;10757;10760;10761;10761;10762;10763;10768;10770;10772;10776;10777;10781;10782;10772;10775;10778;10785;10790;10793;10801;10812;10815;10822;10832;10837;10839;10840;10849;10856;10870;10882;10889;10895;10896;10918;10933;10943;10953;10961;10969;10976;10986;10998;11009;11014;11021;11026;11034;11049;11061;11072;11084;11090;11096;11106;11120;11135;11143;11151;11161;11167;11180;11196;11209;11220;11233;11245;11251;11261;11279;11289;11316;11333;11345;11357;11369;11380;11400;11419;11451;11482;11502;11515;11554;11577;11601;11641;11689;11706;11746;11807;11848;11903;11951;11993;12015;12042;12114;12180;12233;12284;12349;12388;12425;12492;12553;12625;12693;12753;12796;12844;12921;12979;13011;13076;13143;13162;13218;13282;13333;13386;13438;13462;13479;13496;13538;13567;13595;13617;13626;13634;13650;13672;13689;13701;13733;13749;13752;13759;13784;13802;13823;13830;13844;13848;13855;13872;13882;13898;13905;13915;13920;13922;13942;13956;13956;13956;13985;13991;14000;14019;14030;14042;14061;14077;14091;14103;14127;14143;14167;14192;14214;14232;14246
;POCOLLAY;-17.9964188;-70.2198735;0;0;0;0;0;0;0;0;0;0;0;0;0;0;0;0;0;0;0;0;0;0;0;0;0;0;0;0;0;0;0;0;0;0;0;0;0;0;0;0;0;0;0;0;0;0;0;0;0;0;0;1;1;1;1;1;1;1;1;1;1;1;1;2;3;3;4;4;4;5;5;5;5;5;7;7;8;8;9;10;11;11;12;13;13;15;15;18;19;19;20;20;20;21;21;21;22;22;23;24;25;25;25;26;26;28;28;28;31;32;32;33;35;35;36;36;39;40;41;43;44;46;49;49;51;52;54;56;58;61;63;68;71;76;78;82;84;88;93;98;102;108;113;115;119;122;126;133;139;143;148;154;161;167;174;180;187;193;198;206;213;220;228;235;241;250;258;265;274;284;292;298;306;313;319;326;334;341;349;354;363;376;385;391;400;408;417;423;430;438;441;448;454;462;468;473;476;479;483;488;490;492;495;497;500;504;506;506;508;509;510;510;512;515;518;519;521;522;524;527;529;531;534;536;538;541;543;545;548;551;552;555;556;557;559;562;564;566;569;571;572;574;575;576;578;580;581;583;585;586;588;590;591;593;594;595;596;598;600;602;603;605;608;609;609;612;616;619;621;623;626;630;635;642;648;656;664;671;679;688;699;708;718;730;740;753;768;780;794;811;824;840;852;867;885;905;927;946;967;985;1005;1030;1053;1079;1107;1131;1160;1194;1224;1256;1291;1323;1361;1392;1433;1470;1510;1551;1593;1632;1675;1713;1755;1793;1840;1883;1922;1966;2007;2050;2088;2133;2175;2210;2253;2294;2340;2380;2416;2454;2499;2538;2575;2609;2641;2670;2703;2733;2761;2792;2818;2845;2869;2890;2909;2926;2941;2957;2971;2983;2998;3009;3022;3032;3044;3053;3064;3072;3082;3093;3100;3105;3113;3119;3126;3132;3136;3141;3145;3148;3153;3156;3158;3161;3163;3167;3170;3173;3178;3180;3183;3185;3187;3190;3193;3195;3198;3202;3204;3206;3209;3213;3218;3220;3223;3225;3230;3232;3235;3238;3241;3247;3250;3257;3262;3268;3276;3282;3286;3298;3307;3314;3325;3339;3351;3366;3384;3404;3421;3445;3464;3491;3513;3538;3567;3593;3617;3648;3677;3711;3743;3780;3811;3846;3879;3915;3944;3978;4009;4045;4077;4107;4140;4169;4203;4235;4274;4307;4342;4371;4402;4429;4461;4490;4517;4538;4561;4580;4597;4617;4635;4650;4666;4680;4698;4713;4726;4742;4754;4768;4779;4792;4802;4814;4828;4839;4851;4860;4867;4877;4885;4891;4896;4903;4907;4913;4921;4926;4929;4933;4936;4941;4945;4947;4948;4951;4951;4953;4953;4955;4958;4959;4959;4961;4961;4962;4963;4963;4965;4965;4967;4967;4968;4970;4973;4974;4975;4977;4977;4978;4978;4978;4979;4980;4982;4984;4984;4987;4988;4988;4990;4990;4991;4992;4994;4994;4998;4999;5002;5002;5006;5009;5011;5014;5019;5022;5023;5027;5030;5034;5039;5043;5051;5056;5063;5072;5084;5095;5109;5125;5138;5153;5170;5188;5208;5231;5252;5279;5308;5340;5370;5403;5434;5469;5512;5553;5592;5636;5677;5722;5760;5800;5842;5879;5920;5920;5920;6031;6031;6031;6134;6167;6167;6227;6227;6227;6227;6327;6353;6370;6394;6415;6433;6457;6476;6476;6513;6525;6543;6559;6573;6584;6599;6611;6611;6638;6654;6664;6677;6692;6709;6720;6734;6734;6765;6778;6793;6809;6829;6847;6869;6894;6915;6939;6966;6995;7021;7049;7074;7101;7132;7153;7182;7208;7241;7269;7293;7320;7342;7372;7397;7416;7445;7471;7502;7524;7551;7579;7599;7624;7657;7686;7709;7736;7767;7789;7807;7833;7856;7884;7905;7929;7947;7967;7983;8004;8019;8038;8055;8070;8088;8104;8123;8137;8149;8167;8182;8199;8208;8222;8238;8257;8269;8284;8297;8308;8324;8332;8346;8358;8365;8375;8383;8398;8409;8422;8431;8437;8445;8457;8471;8480;8490;8497;8510;8521;8529;8541;8550;8564;8581;8597;8610;8619;8632;8650;8664;8683;8700;8720;8734;8755;8779;8797;8823;8846;8871;8898
;SAMA;-17.98960935;-70.70695846;0;0;0;0;0;0;0;0;0;0;0;0;0;0;0;0;0;0;0;0;0;0;0;0;0;0;0;0;0;0;0;0;0;0;0;0;0;0;0;0;0;0;0;0;0;0;0;0;0;0;0;0;0;0;0;0;0;0;0;0;0;0;0;0;0;0;0;0;0;0;1;1;1;4;4;5;6;7;8;8;8;8;8;8;8;8;9;9;9;9;9;9;11;11;11;11;11;11;11;11;11;11;11;11;11;11;11;11;11;11;11;11;11;11;11;11;11;11;11;11;11;11;11;11;11;11;11;11;11;11;11;11;11;11;11;11;11;11;11;11;11;11;11;11;11;11;11;11;11;11;11;11;11;11;11;11;11;11;11;11;11;11;11;11;11;11;11;11;11;11;11;11;11;11;11;11;11;11;11;11;11;11;11;11;11;11;11;11;11;11;14;14;14;14;14;14;14;14;14;14;15;15;15;15;15;17;17;18;19;20;22;23;27;27;29;44;46;48;48;50;50;50;50;50;50;50;50;55;56;58;59;63;63;65;67;67;68;69;69;69;69;73;74;75;77;80;86;89;89;89;89;91;96;96;96;96;96;96;100;102;102;102;106;107;108;108;109;112;114;116;122;123;124;127;130;130;130;132;132;136;136;138;142;144;144;146;149;150;150;150;152;152;154;154;154;155;155;155;156;163;163;163;163;163;163;163;163;163;163;163;163;163;163;163;163;163;163;163;163;163;163;163;163;163;163;163;163;163;164;164;164;164;164;164;164;169;169;169;169;169;170;170;170;170;170;171;171;175;175;175;175;175;175;175;175;175;175;175;175;175;175;175;175;175;175;175;175;175;175;175;175;175;175;175;176;176;176;176;176;176;176;176;176;176;176;176;178;178;178;178;178;179;179;179;179;179;179;179;179;179;179;179;179;179;179;179;181;181;181;181;181;181;185;185;185;185;185;185;186;186;186;186;186;186;186;188;188;188;188;188;188;188;188;188;188;188;188;188;188;188;189;189;189;189;189;189;190;190;190;190;194;194;194;194;194;194;194;196;196;196;198;198;198;198;199;199;209;210;210;210;211;212;212;212;214;214;215;216;216;216;216;221;221;221;222;222;222;222;225;225;225;226;229;229;229;230;230;230;232;232;232;232;232;232;232;234;236;236;236;237;239;240;240;240;241;241;243;244;244;244;245;245;245;245;246;246;246;246;246;246;246;251;252;252;252;252;252;252;254;256;256;273;273;273;273;274;274;274;274;274;274;284;284;286;286;286;287;287;287;291;292;295;295;295;304;307;308;308;311;311;311;311;313;313;313;316;330;330;330;338;338;343;343;354;354;354;354;354;381;412;412;412;412;439;453;453;453;453;453;453;463;463;469;469;504;504;504;510;512;512;512;522;522;522;523;523;531;531;533;533;533;557;557;582;586;590;590;590;590;590;590;590;590;590;590;626;626;626;630;642;642;642;642;642;642;643;643;643;643;643;643;643;657;657;657;657;661;661;661;665;665;665;665;665;669;669;671;671;671;671;671;671;671;671;671;671;671;671;671;677;685;695;695;695;705;705;705;705;708;708;708;708;708;708;713;713;713;713;713;713;713;713;713;713;713;713;713;713;716;717;717;717;717;717;717;717;717;717;717;717;717;717;719;719;719;719;719;719;719;726;726;729;729;729;731;731;735;739;745;746;746;746;748;748;748;749;753;753
;TACNA;-18.0138521;-70.2511614;0;0;0;0;0;0;0;0;0;0;0;0;0;0;0;0;0;0;0;0;0;0;0;0;0;0;0;0;0;0;0;0;0;0;0;0;0;0;0;0;0;0;0;0;0;0;0;0;0;0;0;0;0;0;1;1;1;1;1;1;2;2;3;4;4;4;4;4;4;4;4;4;4;4;4;4;5;5;5;6;6;6;6;7;7;7;7;7;7;7;7;7;8;8;8;8;8;8;8;8;8;8;8;8;8;8;8;8;8;8;8;9;10;10;12;12;12;12;12;12;12;12;13;14;14;14;15;15;15;17;19;19;19;20;21;22;24;26;27;29;31;34;36;37;42;46;47;49;55;57;60;63;65;67;69;71;73;78;83;84;87;92;94;95;96;97;98;98;98;103;104;104;108;109;111;117;121;124;124;126;128;129;130;134;136;137;140;141;141;144;146;147;147;147;150;151;154;156;159;161;162;163;165;166;167;168;170;170;173;175;178;179;181;183;184;185;186;186;188;189;189;189;190;190;190;190;195;196;199;200;202;203;207;208;211;212;213;213;216;217;220;221;221;224;227;231;231;236;239;242;245;246;251;254;255;258;260;261;262;262;264;271;273;275;280;285;287;289;292;293;300;302;305;308;308;311;312;312;316;316;317;317;319;321;321;322;324;327;328;328;329;329;329;331;332;332;332;333;334;337;337;337;337;338;338;338;339;340;340;341;341;341;341;341;341;341;341;341;341;341;341;343;347;347;347;348;348;348;348;349;349;349;349;349;350;350;350;350;351;351;351;351;351;352;352;352;352;352;352;352;353;353;354;355;356;356;356;356;356;357;358;360;360;362;366;366;366;367;367;369;370;371;372;372;372;375;376;376;376;377;377;379;380;383;387;391;393;395;398;403;406;410;410;414;418;420;423;429;433;437;439;442;444;449;452;453;458;462;468;469;472;473;474;476;478;480;481;484;485;487;489;491;493;498;500;502;503;507;508;512;513;513;515;517;521;523;527;531;536;541;545;547;548;550;554;557;562;566;569;574;581;588;594;600;605;607;614;617;620;624;625;626;632;639;646;648;651;657;662;664;670;674;678;685;691;697;705;715;732;737;746;752;765;773;780;794;809;820;848;866;882;902;923;939;953;980;1009;1031;1050;1069;1091;1119;1143;1161;1171;1188;1196;1206;1221;1236;1246;1259;1271;1286;1297;1306;1311;1326;1330;1334;1335;1341;1345;1348;1351;1352;1353;1356;1358;1360;1363;1366;1367;1371;1374;1376;1377;1378;1378;1378;1379;1379;1380;1380;1380;1380;1381;1381;1381;1382;1383;1383;1383;1383;1384;1384;1384;1384;1384;1384;1384;1384;1384;1384;1384;1384;1384;1384;1384;1384;1384;1384;1384;1384;1385;1385;1385;1386;1386;1387;1387;1388;1388;1388;1388;1388;1388;1388;1388;1388;1388;1388;1388;1388;1388;1388;1388;1388;1388;1388;1388;1388;1388;1388;1388;1388;1388;1388;1388;1388;1389;1389;1389;1389;1389;1389;1389;1389;1389;1389;1389;1389;1390;1390;1390;1390;1390;1390;1390;1390;1390;1391;1391;1391;1391;1391;1392;1392;1392;1393;1393;1393;1393;1393;1393;1393;1393;1393;1393;1393;1393;1393;1393;1393;1393;1393;1393;1393;1393;1393;1393;1393;1393;1393;1393;1393;1393;1393;1394;1394;1394;1394;1394;1394;1394;1394;1394;1394;1394;1394;1394;1394;1394;1394;1394;1394;1394;1394;1394;1394;1394;1394;1394;1394;1394;1394;1394;1394;1394;1394;1394;1394;1394;1394;1394;1394;1394;1394;1394;1394;1394;1395;1395;1395;1395;1395;1397;1397;1397;1397;1397;1397;1397;1397;1398;1398;1398;1398;1398;1398;1398;1399;1399;1399;1399;1400;1402;1403;1404;1407;1408;1408;1409;1410;1410;1411;1411;1414
;ESTIQUE;-17.5418348;-70.0184899;0;0;0;0;0;0;0;0;0;0;0;0;0;0;0;0;0;0;0;0;0;0;0;0;0;0;0;0;0;0;0;0;0;0;0;0;0;0;0;0;0;0;0;0;0;0;0;0;0;0;0;0;0;0;0;0;1;1;1;2;2;3;4;5;5;5;5;5;5;5;6;6;6;8;9;12;17;20;21;27;30;34;39;46;50;60;75;84;91;101;110;120;127;131;140;145;152;155;163;168;170;175;177;182;183;186;199;206;214;228;239;250;269;283;298;314;328;349;370;386;408;432;452;480;501;522;544;559;582;610;650;672;709;746;781;811;846;888;930;975;1012;1049;1095;1139;1171;1209;1262;1305;1343;1388;1425;1464;1502;1545;1582;1621;1661;1695;1738;1783;1847;1888;1926;1968;1997;2052;2096;2151;2197;2238;2275;2305;2352;2391;2424;2457;2496;2547;2581;2618;2668;2709;2751;2801;2836;2874;2928;2965;3000;3035;3083;3111;3132;3154;3184;3234;3267;3306;3333;3365;3399;3438;3471;3513;3557;3591;3625;3657;3694;3740;3781;3822;3861;3907;3941;3983;4028;4082;4127;4174;4206;4248;4281;4316;4351;4383;4412;4447;4479;4516;4552;4593;4634;4668;4702;4733;4759;4802;4823;4859;4881;4913;4939;4979;5007;5044;5072;5093;5129;5161;5193;5219;5251;5272;5305;5325;5348;5375;5405;5440;5460;5477;5500;5524;5555;5577;5593;5608;5623;5646;5660;5681;5699;5723;5747;5761;5780;5803;5818;5838;5861;5886;5905;5923;5941;5966;5983;6004;6021;6036;6049;6067;6092;6108;6127;6140;6159;6173;6194;6215;6254;6275;6305;6322;6350;6388;6416;6448;6487;6524;6544;6580;6609;6644;6675;6713;6748;6772;6807;6838;6874;6906;6930;6967;6986;7020;7052;7089;7129;7156;7192;7217;7242;7280;7312;7329;7359;7378;7398;7428;7452;7479;7509;7531;7559;7576;7599;7626;7650;7670;7687;7718;7734;7756;7781;7803;7819;7833;7849;7862;7883;7906;7922;7942;7950;7966;7981;8003;8023;8041;8055;8072;8087;8094;8111;8127;8137;8149;8162;8175;8182;8190;8205;8221;8229;8239;8248;8253;8266;8274;8285;8298;8314;8329;8337;8342;8349;8356;8374;8379;8384;8395;8400;8408;8416;8423;8428;8435;8441;8451;8462;8476;8489;8496;8502;8515;8527;8545;8571;8597;8608;8624;8642;8668;8690;8720;8738;8763;8797;8830;8869;8904;8949;8994;9046;9105;9155;9213;9266;9318;9384;9447;9521;9584;9661;9739;9822;9891;9987;10081;10182;10283;10385;10497;10588;10683;10781;10869;10952;11053;11150;11228;11305;11393;11450;11510;11579;11644;11705;11755;11796;11833;11878;11934;11972;12005;12045;12076;12102;12124;12149;12181;12211;12248;12284;12310;12348;12376;12401;12441;12458;12480;12511;12549;12583;12619;12660;12694;12724;12758;12801;12839;12869;12913;12949;12989;13032;13071;13118;13172;13222;13282;13345;13399;13466;13548;13626;13702;13787;13868;13976;14053;14172;14276;14388;14503;14646;14778;14912;15065;15229;15392;15593;15792;16004;16189;16419;16639;16842;17052;17278;17465;17669;17894;18125;18325;18498;18685;18851;19046;19274;19521;19779;20016;20255;20467;20685;20916;21162;21397;21638;21902;22150;22411;22652;22897;23161;23398;23613;23810;23988;24175;24349;24547;24719;24878;25023;25143;25282;25399;25513;25627;25729;25846;25926;26015;26109;26195;26274;26362;26432;26493;26563;26628;26684;26736;26794;26832;26880;26931;26972;27007;27058;27109;27147;27182;27225;27251;27277;27313;27337;27368;27393;27414;27439;27470;27487;27510;27531;27555;27573;27591;27614;27635;27647;27654;27674;27688;27699;27713;27730;27737;27746;27752;27768;27778;27785;27791;27801;27805;27814;27823;27828;27834;27841;27847;27854;27862;27868;27870;27873;27880;27887;27887;27891;27895;27901;27904;27906;27907;27912;27918;27922;27926;27928;27934;27939;27946;27946;27953;27955;27958;27961;27970;27973;27975;27978;27980;27981;27983;27986;27989;27989;28001;28005;28010;28016;28016;28017;28022;28028;28031;28034;28038;28041;28043;28047;28048;28050;28051;28052;28054;28055;28056;28060;28061;28062;28063;28070;28072;28076;28077;28081;28087;28090;28097;28098;28099;28102;28105;28107;28111;28123;28129;28136;28144;28154;28164;28176;28180;28192;28209;28223;28238;28256;28273;28288;28308;28329;28363;28394;28425;28461;28494;28524;28560;28589;28627
;ESTIQUE PAMPA;-17.5387569;-70.0316721;0;0;0;0;0;0;0;0;0;0;0;0;0;0;0;0;0;0;0;0;0;0;0;0;0;0;0;0;0;0;0;0;0;0;0;0;0;0;0;0;0;0;0;0;0;0;0;0;0;0;0;0;0;0;0;0;0;0;0;0;0;0;0;0;0;0;0;0;0;0;0;0;0;0;1;2;3;3;3;4;4;4;4;4;5;5;5;5;5;5;5;5;6;6;6;6;6;6;7;7;7;7;7;7;7;7;7;7;7;7;7;7;7;7;7;7;7;7;7;7;7;7;7;7;7;7;7;7;7;7;7;7;7;7;7;7;7;7;7;7;7;7;7;7;7;7;7;7;7;7;7;7;7;7;7;7;7;7;7;7;7;7;7;7;7;7;7;7;7;7;7;7;7;7;7;7;7;7;7;7;7;7;7;7;7;7;7;7;7;7;7;7;7;7;7;7;7;7;7;7;7;7;7;7;7;7;7;7;7;7;7;7;7;7;7;7;7;7;7;7;7;7;7;7;7;7;7;7;7;7;7;7;7;7;7;7;7;7;7;7;7;7;7;7;7;7;7;7;7;7;7;7;7;7;7;7;7;7;7;7;7;7;7;7;7;7;7;7;7;7;7;7;7;7;7;7;7;7;7;7;7;7;7;7;7;7;7;7;7;7;7;7;7;7;7;7;7;7;7;7;7;7;7;7;7;7;7;7;7;7;7;7;7;7;7;7;7;7;7;7;7;7;7;7;7;7;7;7;7;7;7;7;7;7;7;7;7;7;7;7;7;7;7;7;7;7;7;7;7;7;7;7;7;7;7;7;7;7;7;7;7;7;7;7;9;9;9;9;9;10;10;11;11;12;12;14;14;14;14;15;17;18;18;18;20;20;20;21;23;23;24;25;28;29;30;31;31;31;31;32;32;33;33;33;36;36;37;37;37;37;37;37;37;37;37;37;37;37;38;39;39;39;39;39;39;40;40;40;40;41;41;41;41;42;42;42;42;43;43;43;43;43;44;44;44;44;44;44;44;44;44;44;44;44;44;44;44;44;44;44;44;44;44;44;44;44;44;44;45;45;45;45;45;45;45;45;46;46;46;46;46;46;47;47;47;47;47;47;47;47;47;47;47;47;47;47;47;47;47;47;47;47;47;47;47;47;47;47;47;47;47;47;47;47;47;47;47;47;47;47;47;47;47;47;47;47;47;47;47;47;47;47;47;47;48;48;48;48;48;48;48;48;48;48;48;48;48;48;48;48;48;48;48;48;48;48;48;48;48;48;48;48;48;48;48;48;48;48;48;48;48;48;48;48;48;48;48;48;48;48;48;48;48;48;48;49;49;50;51;51;51;51;51;51;51;51;51;51;52;52;52;52;53;54;57;57;58;59;59;62;63;64;64;67;68;69;69;74;78;79;79;81;84;85;86;88;90;94;98;101;103;108;109;114;119;119;120;123;124;126;128;130;139;143;149;151;151;152;153;156;158;164;167;170;172;180;181;183;187;189;191;191;193;194;199;204;205;206;206;210;211;213;215;218;223;223;223;228;229;231;233;234;234;238;240;240;244;246;249;251;251;253;253;254;255;256;256;256;256;256;256;259;260;260;260;260;260;260;260;260;262;262;262;263;263;264;265;266;266;266;266;267;269;269;269;269;269;271;271;273;274;274;275;276;277;277;277;277;278;279;280;281;282;283;286;286;286;286
;HÉROES ALBARRACÍN;-17.48817035;-70.20988193;0;0;0;0;0;0;0;0;0;0;0;0;0;0;0;0;0;0;0;0;0;0;0;0;0;0;0;0;0;0;0;0;0;0;0;0;0;0;0;0;0;0;0;0;0;0;0;0;0;0;0;0;0;0;0;0;0;0;0;0;0;0;0;0;0;0;0;0;0;1;2;4;4;5;8;13;13;13;16;19;23;26;29;33;36;40;42;45;47;51;55;58;60;63;67;72;75;79;84;89;93;97;99;103;107;112;116;121;126;131;135;142;146;151;156;160;165;171;175;179;185;190;194;199;204;208;214;219;224;229;235;240;243;248;253;259;263;269;276;282;288;293;298;303;308;312;318;324;331;337;343;346;351;357;362;367;373;377;383;387;392;398;405;412;418;423;429;436;443;449;454;459;464;468;474;480;485;491;495;499;503;507;513;519;524;530;534;538;543;548;553;559;563;567;571;574;577;580;583;585;587;589;592;595;599;603;603;610;613;617;622;627;632;637;642;646;652;657;662;667;671;676;681;686;691;696;701;705;711;716;721;726;732;738;744;750;756;761;767;771;773;776;780;785;791;796;802;807;813;818;822;828;833;839;844;851;851;862;868;874;880;885;885;896;901;906;911;916;921;925;929;933;937;941;945;945;953;957;961;965;969;973;977;980;985;989;992;995;998;1001;1004;1007;1011;1016;1022;1027;1033;1039;1046;1053;1060;1067;1074;1081;1089;1096;1104;1112;1119;1128;1136;1143;1151;1158;1166;1174;1181;1190;1198;1207;1215;1222;1230;1238;1246;1254;1263;1273;1282;1291;1299;1308;1316;1324;1333;1341;1349;1358;1367;1376;1385;1394;1404;1414;1424;1433;1442;1451;1461;1471;1480;1489;1498;1507;1517;1526;1535;1544;1554;1564;1573;1582;1591;1601;1610;1619;1628;1639;1649;1658;1668;1678;1688;1698;1708;1718;1728;1737;1746;1755;1764;1773;1783;1792;1801;1811;1820;1830;1840;1849;1858;1867;1876;1885;1894;1903;1912;1921;1930;1939;1948;1957;1966;1976;1985;1993;2002;2011;2020;2029;2038;2047;2055;2063;2070;2078;2087;2095;2103;2112;2121;2130;2139;2148;2157;2166;2175;2184;2193;2202;2211;2219;2227;2237;2247;2257;2267;2276;2285;2294;2304;2314;2324;2334;2344;2354;2363;2373;2383;2393;2403;2413;2423;2433;2443;2453;2463;2473;2483;2493;2502;2512;2522;2532;2542;2552;2562;2572;2582;2592;2602;2612;2622;2632;2642;2652;2661;2671;2681;2691;2701;2711;2721;2732;2742;2752;2761;2771;2780;2791;2801;2811;2821;2831;2841;2851;2861;2871;2882;2892;2900;2910;2919;2929;2939;2949;2958;2969;2978;2987;2995;3006;3015;3025;3035;3044;3053;3063;3072;3082;3093;3103;3113;3122;3132;3143;3153;3164;3175;3185;3194;3204;3214;3225;3236;3247;3257;3266;3276;3287;3297;3306;3316;3326;3334;3344;3355;3365;3376;3385;3394;3403;3413;3424;3434;3445;3454;3464;3472;3483;3494;3503;3513;3523;3532;3541;3551;3562;3572;3582;3593;3604;3613;3625;3637;3649;3659;3670;3681;3691;3701;3712;3723;3735;3745;3757;3768;3780;3791;3803;3814;3826;3837;3847;3859;3871;3882;3893;3905;3917;3929;3941;3953;3966;3978;3991;4004;4016;4028;4041;4054;4066;4081;4092;4102;4114;4114;4143;4159;4174;4188;4200;4212;4228;4243;4259;4275;4289;4304;4319;4336;4353;4369;4386;4402;4417;4432;4449;4466;4482;4499;4515;4530;4546;4563;4580;4596;4614;4631;4646;4662;4679;4696;4712;4730;4745;4758;4773;4789;4805;4820;4834;4848;4861;4875;4888;4901;4916;4932;4948;4965;4979;4995;5010;5026;5041;5054;5067;5081;5098;5114;5130;5147;5162;5176;5193;5210;5227;5245;5261;5276;5286;5305;5322;5338;5355;5371;5385;5399;5415;5432;5449;5466;5484;5499;5512;5528;5543;5561;5578;5594;5609;5624;5638;5653;5669;5685;5699;5712;5724;5739;5757;5774;5792;5808;5824;5836;5850;5866;5882;5899;5916;5933;5949;5959;5976;5992;6009;6024;6039;6052;6067;6084;6099;6116;6132;6147;6159
;SITAJARA;-17.3754321;-70.1339063;0;0;0;0;0;0;0;0;0;0;0;0;0;0;0;0;0;0;0;0;0;0;0;0;0;0;0;0;0;0;0;0;0;0;0;0;0;0;0;0;0;0;0;0;0;0;0;0;0;3;3;3;4;4;5;10;14;21;37;67;75;88;122;178;220;289;353;431;513;705;828;1011;1143;1283;1447;1632;2035;2240;2523;3019;3346;3600;3903;4157;4440;4857;5163;5453;5683;5828;5998;6262;6490;6679;6917;7094;7207;7331;7501;7594;7703;7765;7844;7924;8016;8339;8415;8521;8581;8656;8707;8761;8843;8903;8959;9005;9052;9080;9108;9150;9186;9212;9237;9280;9312;9334;9364;9388;9430;9453;9467;9486;9505;9522;9548;9566;9580;9595;9606;9619;9629;9636;9646;9650;9655;9661;9663;9675;9683;9695;9696;9696;9696;9713;9722;9726;9731;9732;9732;9732;9747;9754;9761;9765;9771;9771;9774;9774;9776;9778;9781;9782;9782;9782;9787;9788;9795;9800;9800;9800;9805;9805;9808;9812;9817;9821;9821;9822;9833;9836;9840;9841;9845;9845;9850;9852;9859;9861;9866;9870;9872;9879;9885;9900;9916;9924;9935;9939;9944;9959;9969;9976;9985;9988;9992;9996;9996;9879;9884;9886;9891;9894;9895;9897;9898;9899;9901;9906;9907;9909;9912;9917;9917;9919;9923;9925;9927;9930;9935;9936;9937;9944;9948;9950;9955;9959;9965;9969;9974;9980;9987;10001;10016;10023;10037;10044;10064;10078;10092;10108;10126;10151;10175;10191;10211;10244;10278;10327;10359;10392;10413;10443;10489;10539;10588;10658;10737;10810;10899;11038;11170;11308;11452;11625;11737;11858;12126;12331;12520;12708;12907;13055;13216;13561;13758;13891;14106;14303;14421;14616;14839;15025;15196;15352;15522;15618;15755;15938;16077;16219;16339;16461;16547;16645;16786;16911;17033;17142;17254;17320;17386;17507;17603;17692;17692;17792;17951;18054;18178;18278;18371;18455;18545;18626;18697;18821;18939;19038;19089;19158;19200;19234;19361;19441;19528;19581;19644;19701;19750;19827;19883;19936;19992;20038;20078;20122;20194;20250;20294;20352;20396;20435;20472;20554;20572;20620;20675;20726;20779;20814;20879;20933;20982;21018;21066;21092;21124;21173;21216;21260;21295;21352;21389;21423;21472;21512;21551;21599;21634;21662;21702;21750;21793;21821;21859;21887;21903;21923;21956;21988;22006;22034;22052;22077;22106;22141;22169;22196;22215;22240;22261;22292;22327;22347;22370;22397;22421;22441;22545;22572;22600;22624;22650;22650;22707;22728;22763;22786;22816;22852;22870;22897;22921;22966;23016;23045;23083;23130;23169;23202;23247;23301;23348;23390;23428;23473;23503;23566;23603;23636;23681;23718;23747;23782;23834;23867;23909;23954;23990;24024;24065;24104;24140;24185;24230;24258;24291;24322;24367;24406;24444;24483;24511;24551;24583;24609;24630;24645;24664;24686;24709;24723;24749;24768;24794;24809;24823;24842;24853;24873;24889;24902;24910;24921;24940;24955;24968;24982;24995;25014;25019;25033;25041;25051;25061;25068;25075;25081;25088;25093;25099;25110;25117;25117;25132;25136;25141;25144;25149;25152;25160;25160;25160;25168;25170;25173;25180;25185;25185;25185;25190;25194;25196;25196;25198;25198;25198;25205;25207;25207;25208;25209;25209;25209;25213;25213;25213;25217;25217;25220;25220;25228;25230;25231;25235;25241;25241;25241;25247;25251;25258;25264;25268;25268;25268;25274;25279;25282;25285;25287;25287;25287;25299;25299;25305;25312;25320;25320;25320;25341;25342;25348;25354;25360;25360;25360;25374;25380;25382;25392;25397;25397;25397;25421;25428;25442;25447;25454;25454;25454;25473;25477;25486;25494;25497;25497;25497;25517;25524;25533;25543;25554;25554;25554;25568;25581;25595;25602;25612;25612;25612;25632;25640;25649;25665;25675;25675;25675;25695;25713;25726;25732;25747;25747;25747;25780;25797;25816;25835;25846;25846;25846;25889;25914;25946;25976;25994;25994;25994;25994;25994;26083;26105;26105;26131;26131;26200;26200;26261;26261;26321;26321;26321;26403;26444;26484;26526;26568;26568;26568;26669;26705;26743;26793;26840;26840;26840;26966;27015;27072;27120;27167;27167;27167;27319;27360;27416;27463;27504;27504;27504;27631;27685;27729;27729;27763;27895;27895;27992;28035;28067;28110;28149;28149;28149;28218;28250;28267;28308;28331;28331;28331;28385;28407;28429;28446;28459;28459;28459;28518;28539;28566;28566;28612;28612;28612;28661;28695;28726;28759;28780;28780;28780;28835;28863;28902;28938;28957;28957;28957;29052;29083;29132;29185;29227;29227;29227;29337
;SUSAPAYA;-17.3532192;-70.1326958;0;0;0;0;0;0;0;0;0;0;0;0;0;0;0;0;0;0;0;0;0;0;0;0;0;0;0;0;0;0;0;0;0;0;0;0;0;0;0;0;0;0;0;0;0;0;0;0;0;0;0;0;0;0;0;0;0;0;0;0;0;0;0;0;0;0;0;0;0;0;0;0;0;0;0;1;1;1;1;2;2;2;2;2;2;2;2;2;2;2;2;2;2;2;2;2;2;2;2;2;2;2;2;2;2;2;2;2;2;2;2;2;2;2;2;2;2;2;2;2;2;2;2;2;2;2;2;2;2;2;2;2;2;2;2;2;2;2;2;2;2;2;2;2;2;2;2;2;2;2;2;2;2;2;2;2;2;2;2;2;2;2;2;2;2;2;2;2;2;2;2;2;2;2;2;2;2;2;2;2;2;2;2;2;2;2;2;2;2;2;2;2;2;2;2;2;2;2;2;2;2;2;2;2;2;3;3;3;4;4;4;5;5;6;6;10;10;11;12;12;13;13;13;13;13;13;15;15;15;16;16;18;18;19;19;19;19;19;19;19;20;20;21;21;21;22;22;23;24;24;24;24;27;27;28;28;29;30;34;34;34;35;35;37;37;39;40;41;43;43;44;45;45;46;46;46;48;50;50;51;52;52;58;59;59;59;61;64;66;67;68;70;71;73;75;75;85;88;90;94;96;100;102;107;112;116;120;125;129;131;141;144;147;148;148;148;164;170;172;173;176;179;183;183;185;192;195;197;211;212;213;213;213;213;224;226;226;228;228;228;233;236;241;242;248;248;249;250;257;258;260;267;271;271;274;275;277;278;280;281;281;281;282;283;286;289;290;290;290;293;293;294;298;301;301;301;302;303;306;306;306;306;306;307;310;313;313;313;313;313;313;313;314;314;314;314;314;314;314;315;315;315;315;315;315;315;315;314;315;315;315;315;316;316;316;316;316;316;316;316;316;316;316;316;316;316;316;317;317;317;317;317;317;317;317;317;317;317;317;317;318;318;318;318;318;318;318;318;318;318;318;318;318;318;318;318;320;321;321;321;322;322;323;323;323;323;323;323;323;323;323;323;323;323;323;323;323;323;323;323;323;323;323;323;323;323;323;323;323;323;323;323;324;324;324;324;325;325;325;325;325;325;325;325;325;325;325;325;325;326;326;327;327;328;328;328;329;329;329;329;329;329;329;329;329;329;329;330;330;330;330;330;330;330;330;330;330;331;331;331;332;332;332;332;332;332;332;332;332;332;332;333;333;337;337;337;337;337;337;338;338;338;339;339;339;340;341;344;344;344;344;344;344;347;347;350;351;351;351;353;355;356;356;356;356;356;359;362;362;362;363;363;363;364;369;369;373;373;373;373;382;383;385;389;389;389;389;395;395;397;399;402;402;402;405;408;409;414;418;418;418;422;424;426;427;427;427;427;427;427;442;457;461;461;461;465;466;471;473;473;473;473;476;482;489;491;491;491;491;495;499;499;505;509;509;509;509;509;530;530;534;534;534;544;548;556;558;558;558;558;564;566;569;570;570;570;570;574;578;578;578;579;579;579;588;588;585;586;586;586;586;586;586;586;589;589;589;589;591;591;591;592;592;592;592;592;597;597;598;602;602;602;605;605;605;605;605;605;605;607;607;607;607;608;608;608;611;611;611;612;616;616;616;622;622;624;624;625;625;625;625;629;629;629;629;629;629;630
;TARATA;-17.4747154;-70.0320713;0;0;0;0;0;0;0;0;0;0;0;0;0;0;0;0;0;0;0;0;0;0;0;0;0;0;0;0;0;0;0;0;0;0;0;0;0;0;0;0;0;0;0;0;0;0;0;0;0;0;0;0;0;0;0;0;0;0;0;0;0;0;0;0;0;0;0;0;0;0;0;0;0;0;0;1;1;1;1;1;1;1;1;1;1;1;1;1;1;1;1;1;1;1;1;1;1;1;1;1;2;2;2;2;2;2;2;2;2;2;2;2;2;2;2;2;2;2;2;2;3;3;3;3;3;3;3;3;3;3;3;3;3;3;3;3;3;3;4;4;4;4;5;6;6;9;9;9;11;11;11;13;13;13;13;14;14;14;16;19;21;21;21;21;21;21;21;21;21;23;23;26;26;26;26;26;28;31;31;31;31;31;34;34;34;34;35;35;35;36;36;36;36;36;36;38;38;38;38;38;38;38;38;38;38;38;39;39;39;39;39;39;39;39;39;39;39;40;40;40;40;40;40;40;40;40;40;40;40;40;40;40;40;40;40;40;40;40;40;40;40;40;40;40;40;40;40;40;40;40;40;40;41;41;41;41;41;41;41;41;41;41;41;41;41;41;41;41;41;41;41;41;41;41;41;41;41;41;41;41;41;41;41;41;41;41;41;43;43;43;43;43;43;43;43;43;43;43;43;43;43;43;43;43;43;43;43;43;43;43;43;43;43;43;43;44;44;44;44;44;44;44;44;44;44;44;44;44;44;44;44;44;44;44;44;44;44;44;44;44;44;44;44;44;44;44;44;44;44;44;44;44;44;44;44;46;46;46;46;46;46;46;46;46;46;48;48;48;48;48;48;48;48;48;48;52;52;52;54;54;55;55;55;55;55;56;56;56;56;56;62;62;65;65;65;65;70;70;70;70;70;70;70;70;70;70;75;75;75;75;75;81;81;81;81;81;81;81;81;81;81;81;90;90;90;90;90;90;90;90;90;90;90;90;90;93;93;93;93;93;93;93;93;93;93;93;93;93;95;95;95;95;95;95;97;97;97;97;97;97;97;97;99;99;99;99;99;100;100;100;100;100;100;100;100;101;101;101;101;101;101;101;101;101;101;101;101;101;101;101;101;101;101;101;101;101;101;102;102;102;102;102;102;102;102;102;102;102;102;102;103;103;103;103;103;103;103;104;104;104;104;104;104;104;104;104;104;104;104;104;104;104;105;105;105;105;105;105;105;107;107;107;107;107;107;107;107;107;107;107;107;107;107;108;108;108;108;108;108;108;110;110;110;110;110;110;113;113;113;113;113;113;113;113;119;119;119;119;119;125;127;127;127;128;128;128;128;128;131;131;135;135;135;135;135;141;141;141;141;141;141;146;146;146;146;146;146;146;146;146;146;154;154;154;154;154;159;159;159;159;159;159;159;159;159;159;159;159;159;159;161;161;161;161;161;161;161;161;161;161;161;161;161;161;161;161;161;161;161;161;161;161;161;161;161;161;161;161;161;161;161;161;161;161;161;161;161;161;161;161;161;161;161;161;161;161;161;161;161;161;161;161;161;161;161;161;161;161;161;161;161;161;161;161;161;161;161;161;161;161;161;161;161;161;161;161;161;161;161;161;161;161;161;161;161;161;161;161;161;161;161;162;162;162;162;162;162;162;163;163;163;163;163;163;163;163;163;163;163;163;163;163;163;163;163;163;163;163
;TARUCACHI;-17.5262592;-70.0289091;0;0;0;0;0;0;0;0;0;0;0;0;0;0;0;0;0;0;0;0;0;0;0;0;0;0;0;0;0;0;0;0;0;0;0;0;0;0;0;0;0;0;0;0;0;0;0;0;0;0;0;0;0;0;0;0;0;0;0;0;0;0;0;0;0;0;0;0;0;0;0;0;0;0;0;0;0;0;0;0;0;0;0;0;0;0;0;0;0;0;0;0;0;0;0;0;0;0;0;0;0;0;0;0;0;0;0;0;0;0;0;0;0;0;0;0;0;0;0;0;0;0;0;0;0;0;0;0;0;0;0;0;0;0;0;0;0;0;0;0;0;0;0;0;0;0;0;0;0;0;0;0;0;0;0;0;0;0;0;0;0;0;0;0;0;0;0;0;0;0;0;0;0;0;0;0;0;0;0;0;0;0;0;0;0;0;0;0;0;0;0;0;0;0;0;0;0;0;0;0;0;0;0;0;0;0;0;0;0;0;0;0;0;0;0;0;0;0;0;0;0;0;0;0;0;0;0;0;0;0;0;0;0;0;0;0;0;0;0;0;0;0;0;0;0;0;0;0;0;0;0;0;0;0;0;0;0;0;0;0;0;0;0;0;0;0;0;0;0;0;0;0;0;0;0;0;0;0;0;0;0;0;0;0;0;0;0;0;0;0;0;0;0;0;0;0;0;0;0;0;0;0;0;0;0;0;0;0;0;0;0;0;0;0;0;0;0;0;0;0;0;0;0;0;0;0;0;0;0;0;0;0;0;0;0;0;0;0;0;0;0;0;0;0;0;0;0;0;0;0;0;0;1;1;1;1;1;1;1;1;1;1;1;1;1;1;1;1;1;1;1;1;1;1;1;1;1;1;1;1;1;1;1;1;1;1;1;1;1;1;1;1;1;1;1;1;1;1;1;1;1;1;1;1;1;1;1;1;1;1;1;1;1;1;1;1;1;1;1;1;1;1;1;1;1;1;1;1;1;1;1;1;1;1;1;1;1;1;1;1;1;1;1;1;1;1;1;1;1;1;1;1;1;1;1;1;1;1;1;1;1;1;1;1;1;1;1;1;1;1;1;1;1;1;1;1;1;1;1;1;1;1;1;1;1;1;1;1;1;1;1;1;1;1;1;1;1;1;1;1;1;1;1;1;1;1;1;1;1;1;1;1;1;1;1;1;1;1;1;1;1;1;1;1;1;1;1;1;1;1;1;1;1;1;1;1;1;1;1;1;2;2;2;2;2;2;2;2;2;2;2;2;2;2;2;2;2;2;2;2;2;2;2;2;2;2;2;2;3;3;3;3;3;3;3;3;3;3;3;3;3;3;3;3;3;3;3;3;3;3;3;3;3;3;3;3;3;3;3;3;3;3;3;3;3;3;3;3;3;3;3;3;3;3;3;3;3;3;3;3;3;3;3;3;3;3;3;3;3;3;3;3;3;3;3;3;3;3;3;3;3;3;3;3;3;3;3;3;3;3;3;3;3;3;3;3;3;3;3;3;3;3;3;3;3;3;3;3;3;3;3;3;3;3;3;3;3;3;3;3;3;3;3;3;3;3;3;3;3;3;3;3;3;3;3;3;3;3;3;3;3;3;3;3;3;3;3;3;3;3;3;3;3;3;3;3;3;3;3;3;3;3;3;3;3;3;3;3;3;3;3;3;3;3;3;3;3;4;4;4;4;4;4;4;4;4;4;4
;TICACO;-17.34353155;-69.97829503;0;0;0;0;0;0;0;0;0;0;0;0;0;0;0;0;0;0;0;0;0;0;0;0;0;0;0;0;0;0;0;0;0;0;0;0;0;0;0;0;0;0;0;0;0;0;0;0;0;0;0;0;0;0;0;0;0;0;0;0;0;0;0;0;0;0;0;1;4;6;7;8;9;10;10;11;14;15;18;19;20;24;27;28;28;29;31;31;32;33;34;37;43;44;46;50;53;55;59;62;66;71;76;82;86;91;102;106;114;118;122;128;142;152;164;165;169;174;189;199;215;230;240;250;261;274;280;293;300;310;313;343;376;400;415;427;454;465;475;487;512;533;559;585;611;632;659;679;697;715;740;773;820;846;876;913;934;970;1014;1071;1123;1201;1271;1320;1378;1434;1476;1530;1577;1638;1702;1754;1807;1866;1898;1942;1984;2049;2106;2151;2218;2273;2328;2407;2473;2535;2583;2647;2720;2808;2894;2977;3064;3153;3228;3320;3385;3465;3524;3587;3640;3712;3761;3827;3884;3939;4003;4058;4123;4172;4233;4305;4366;4442;4509;4578;4664;4726;4791;4846;4938;4966;5027;5101;5203;5288;5343;5398;5398;7054;7097;7146;7193;7250;7297;7344;7394;7447;7478;7511;7550;7586;7617;7654;7693;7731;7765;7800;7828;7858;7900;7931;7965;8001;8045;8073;8101;8129;8156;8192;8228;8262;8292;8308;8326;8351;8377;8407;8439;8463;8481;8502;8526;8558;8584;8608;8627;8645;8658;8672;8694;8705;8715;8725;8731;8741;8751;8758;8768;8781;8790;8795;8802;8808;8818;8825;8835;8841;8849;8859;8866;8875;8889;8900;8904;8907;8916;8928;8933;8939;8943;8949;8952;8957;8963;8972;8982;8987;8992;8995;8997;9002;9004;9008;9013;9014;9018;9024;9026;9029;9031;9033;9035;9036;9043;9052;9065;9076;9083;9093;9098;9106;9135;9149;9165;9175;9186;9201;9219;9241;9287;9304;9328;9351;9376;9415;9454;9493;9530;9571;9596;9636;9680;9722;9764;9818;9871;9927;9985;10051;10105;10167;10226;10279;10330;10379;10439;10513;10571;10633;10687;10753;10796;10864;10929;10996;11044;11107;11155;11202;11234;11274;11303;11353;11390;11417;11441;11470;11508;11547;11577;11609;11628;11649;11666;11703;11734;11761;11789;11807;11823;11845;11858;11884;11903;11930;11944;11958;11974;11997;12015;12028;12041;12051;12060;12074;12093;12107;12131;12143;12165;12186;12211;12239;12257;12280;12305;12316;12324;12344;12366;12385;12412;12428;12442;12451;12469;12496;12519;12603;12625;12625;12648;12666;12695;12731;12758;12783;12812;12824;12861;12885;12920;12920;12951;13009;13009;13035;13035;13082;13151;13151;13205;13205;13228;13258;13308;13345;13409;13451;13517;13566;13566;13635;13693;13780;13857;13965;13965;14124;14226;14312;14377;14435;14471;14524;14639;14732;14832;14900;14981;15024;15024;15177;15177;15321;15321;15485;15542;15614;15738;15826;15924;15924;16088;16132;16174;16243;16329;16414;16496;16551;16581;16631;16702;16767;16822;16879;16920;16951;16985;17013;17067;17126;17126;17200;17219;17250;17287;17287;17375;17375;17443;17458;17475;17475;17546;17576;17613;17637;17651;17651;17716;17754;17784;17784;17821;17839;17859;17882;17910;17935;17935;17959;17971;18004;18004;18109;18109;18152;18152;18185;18185;18222;18236;18236;18256;18296;18302;18313;18330;18350;18371;18371;18402;18411;18429;18452;18473;18486;18486;18507;18512;18512;18514;18529;18541;18558;18568;18587;18587;18603;18616;18616;18648;18654;18659;18664;18672;18681;18688;18696;18698;18700;18707;18716;18726;18735;18750;18750;18762;18766;18770;18775;18775;18780;18789;18795;18803;18806;18811;18811;18824;18824;18834;18834;18877;18887;18891;18896;18898;18901;18901;18903;18911;18911;18915;18925;18925;18928;18928;18936;18942;18960;18960;18964;18967;18970;18976;18998;19004;19004;19017;19022;19030;19043;19049;19049;19051;19062;19080;19096;19096;19121;19137;19137;19161;19161;19171;19188;19196;19205;19215;19222;19247;19264;19264;19276;19281;19305;19317;19317;19330;19355;19372;19391;19428;19440;19440;19480;19480;19496;19530;19530;19546;19554;19576;19622;19650;19680;19680;19722;19763;19763;19810;19848;19888;19957;19983;19999;20056;20103;20103;20149;20149;20238;20254;20291;20377;20504;20570;20570;20570;20671;20720;20774;20824;20824;20865;20919;20951;21011;21045;21073;21073;21129;21129;21171
